{
    "_runs_": {
        "run_1446733761_aca83eae-8fe1-4a9e-9071-e5c89bf651be": {
            "downloading": {
                "gnos-download_time": 537, 
                "start": 1446737663, 
                "stop": 1446738201, 
                "time": 538
            }, 
            "uploading": {
                "start": 1446738204, 
                "stop": 1446738968, 
                "time": 764, 
                "upload_time": 764
            }
        }, 
        "run_1447252769_ca0a5a49-f869-451e-9d61-26646f12a6a3": {
            "downloading": {
                "0ba8f2e2-935a-4123-86aa-6e7f5de85bf4.svcp_1-0-5.20150313.somatic.binnedReadCounts.tar.gz-download_time": 2, 
                "0ba8f2e2-935a-4123-86aa-6e7f5de85bf4.svcp_1-0-5.20150313.somatic.binnedReadCounts.tar.gz-md5sum_time": 0, 
                "0ba8f2e2-935a-4123-86aa-6e7f5de85bf4.svcp_1-0-5.20150313.somatic.cnv.tar.gz-download_time": 1, 
                "0ba8f2e2-935a-4123-86aa-6e7f5de85bf4.svcp_1-0-5.20150313.somatic.cnv.tar.gz-md5sum_time": 0, 
                "0ba8f2e2-935a-4123-86aa-6e7f5de85bf4.svcp_1-0-5.20150313.somatic.cnv.vcf.gz-download_time": 0, 
                "0ba8f2e2-935a-4123-86aa-6e7f5de85bf4.svcp_1-0-5.20150313.somatic.cnv.vcf.gz-md5sum_time": 0, 
                "0ba8f2e2-935a-4123-86aa-6e7f5de85bf4.svcp_1-0-5.20150313.somatic.cnv.vcf.gz.tbi-download_time": 1, 
                "0ba8f2e2-935a-4123-86aa-6e7f5de85bf4.svcp_1-0-5.20150313.somatic.cnv.vcf.gz.tbi-md5sum_time": 0, 
                "0ba8f2e2-935a-4123-86aa-6e7f5de85bf4.svcp_1-0-5.20150313.somatic.genotype.tar.gz-download_time": 1, 
                "0ba8f2e2-935a-4123-86aa-6e7f5de85bf4.svcp_1-0-5.20150313.somatic.genotype.tar.gz-md5sum_time": 0, 
                "0ba8f2e2-935a-4123-86aa-6e7f5de85bf4.svcp_1-0-5.20150313.somatic.imputeCounts.tar.gz-download_time": 6, 
                "0ba8f2e2-935a-4123-86aa-6e7f5de85bf4.svcp_1-0-5.20150313.somatic.imputeCounts.tar.gz-md5sum_time": 1, 
                "0ba8f2e2-935a-4123-86aa-6e7f5de85bf4.svcp_1-0-5.20150313.somatic.indel.tar.gz-download_time": 13, 
                "0ba8f2e2-935a-4123-86aa-6e7f5de85bf4.svcp_1-0-5.20150313.somatic.indel.tar.gz-md5sum_time": 1, 
                "0ba8f2e2-935a-4123-86aa-6e7f5de85bf4.svcp_1-0-5.20150313.somatic.indel.vcf.gz-download_time": 1, 
                "0ba8f2e2-935a-4123-86aa-6e7f5de85bf4.svcp_1-0-5.20150313.somatic.indel.vcf.gz-md5sum_time": 0, 
                "0ba8f2e2-935a-4123-86aa-6e7f5de85bf4.svcp_1-0-5.20150313.somatic.indel.vcf.gz.tbi-download_time": 1, 
                "0ba8f2e2-935a-4123-86aa-6e7f5de85bf4.svcp_1-0-5.20150313.somatic.indel.vcf.gz.tbi-md5sum_time": 0, 
                "0ba8f2e2-935a-4123-86aa-6e7f5de85bf4.svcp_1-0-5.20150313.somatic.snv_mnv.tar.gz-download_time": 4, 
                "0ba8f2e2-935a-4123-86aa-6e7f5de85bf4.svcp_1-0-5.20150313.somatic.snv_mnv.tar.gz-md5sum_time": 0, 
                "0ba8f2e2-935a-4123-86aa-6e7f5de85bf4.svcp_1-0-5.20150313.somatic.snv_mnv.vcf.gz-download_time": 1, 
                "0ba8f2e2-935a-4123-86aa-6e7f5de85bf4.svcp_1-0-5.20150313.somatic.snv_mnv.vcf.gz-md5sum_time": 0, 
                "0ba8f2e2-935a-4123-86aa-6e7f5de85bf4.svcp_1-0-5.20150313.somatic.snv_mnv.vcf.gz.tbi-download_time": 1, 
                "0ba8f2e2-935a-4123-86aa-6e7f5de85bf4.svcp_1-0-5.20150313.somatic.snv_mnv.vcf.gz.tbi-md5sum_time": 0, 
                "0ba8f2e2-935a-4123-86aa-6e7f5de85bf4.svcp_1-0-5.20150313.somatic.sv.tar.gz-download_time": 164, 
                "0ba8f2e2-935a-4123-86aa-6e7f5de85bf4.svcp_1-0-5.20150313.somatic.sv.tar.gz-md5sum_time": 46, 
                "0ba8f2e2-935a-4123-86aa-6e7f5de85bf4.svcp_1-0-5.20150313.somatic.sv.vcf.gz-download_time": 1, 
                "0ba8f2e2-935a-4123-86aa-6e7f5de85bf4.svcp_1-0-5.20150313.somatic.sv.vcf.gz-md5sum_time": 0, 
                "0ba8f2e2-935a-4123-86aa-6e7f5de85bf4.svcp_1-0-5.20150313.somatic.sv.vcf.gz.tbi-download_time": 0, 
                "0ba8f2e2-935a-4123-86aa-6e7f5de85bf4.svcp_1-0-5.20150313.somatic.sv.vcf.gz.tbi-md5sum_time": 0, 
                "0ba8f2e2-935a-4123-86aa-6e7f5de85bf4.svcp_1-0-5.20150313.somatic.verifyBamId.tar.gz-download_time": 0, 
                "0ba8f2e2-935a-4123-86aa-6e7f5de85bf4.svcp_1-0-5.20150313.somatic.verifyBamId.tar.gz-md5sum_time": 0, 
                "11d12cbb-21ea-4362-8911-286fbc9643f5.xml-download_time": 1, 
                "11d12cbb-21ea-4362-8911-286fbc9643f5.xml-md5sum_time": 0, 
                "start": 1447253482, 
                "stop": 1447253728, 
                "time": 246
            }
        }
    }, 
    "aliquot_id": null, 
    "available_repos": [
        {
            "https://gtrepo-dkfz.annailabs.com/": {
                "file_md5sum": "c1551cdff05c9ef5f29e74bfa695e079", 
                "file_size": 59720
            }
        }
    ], 
    "data_type": "Sanger-VCF", 
    "files": [
        {
            "file_md5sum": "c146dc572f987cc52ba7ee58c0112595", 
            "file_name": "0ba8f2e2-935a-4123-86aa-6e7f5de85bf4.svcp_1-0-5.20150313.somatic.snv_mnv.vcf.gz", 
            "file_size": 2772324, 
            "object_id": "f7bb6862-c654-54a3-b28b-14c139e2383f"
        }, 
        {
            "file_md5sum": "76340396159b404207ac20c48e99b749", 
            "file_name": "0ba8f2e2-935a-4123-86aa-6e7f5de85bf4.svcp_1-0-5.20150313.somatic.snv_mnv.vcf.gz.tbi", 
            "file_size": 355458, 
            "object_id": "0a530f6b-891f-5a3d-9c1a-13f7fc55aa2e"
        }, 
        {
            "file_md5sum": "ff30c40766e5a0cd64f36bebaed1b131", 
            "file_name": "0ba8f2e2-935a-4123-86aa-6e7f5de85bf4.svcp_1-0-5.20150313.somatic.cnv.vcf.gz", 
            "file_size": 5324, 
            "object_id": "dadc7008-a533-5c21-ad0e-12c59a5c7300"
        }, 
        {
            "file_md5sum": "081d87cd70e839426b2e96dfee6438b7", 
            "file_name": "0ba8f2e2-935a-4123-86aa-6e7f5de85bf4.svcp_1-0-5.20150313.somatic.cnv.vcf.gz.tbi", 
            "file_size": 6351, 
            "object_id": "2b585521-94f2-58aa-9895-06ca19fad584"
        }, 
        {
            "file_md5sum": "82f1f6624a1388935690d83ee515f217", 
            "file_name": "0ba8f2e2-935a-4123-86aa-6e7f5de85bf4.svcp_1-0-5.20150313.somatic.sv.vcf.gz", 
            "file_size": 323688, 
            "object_id": "dfeb2249-1a76-5801-9665-b582c1984ba3"
        }, 
        {
            "file_md5sum": "f19d7fbcfe213292356e49cd39e8fd3e", 
            "file_name": "0ba8f2e2-935a-4123-86aa-6e7f5de85bf4.svcp_1-0-5.20150313.somatic.sv.vcf.gz.tbi", 
            "file_size": 36747, 
            "object_id": "031672a6-439d-5551-8c15-bd99fc5879aa"
        }, 
        {
            "file_md5sum": "ea2356d72f46d5f1f84f2f61c1f80f3d", 
            "file_name": "0ba8f2e2-935a-4123-86aa-6e7f5de85bf4.svcp_1-0-5.20150313.somatic.indel.vcf.gz", 
            "file_size": 55975956, 
            "object_id": "b42c741d-92b2-59b0-aed4-5a26a66756e1"
        }, 
        {
            "file_md5sum": "cbbaf57f7545aa7d168fbb3a3143716d", 
            "file_name": "0ba8f2e2-935a-4123-86aa-6e7f5de85bf4.svcp_1-0-5.20150313.somatic.indel.vcf.gz.tbi", 
            "file_size": 1515559, 
            "object_id": "2512b3ba-3a81-54ae-8118-b87164454de0"
        }, 
        {
            "file_md5sum": "7900cf887439184e3d9db47ddf855ce7", 
            "file_name": "0ba8f2e2-935a-4123-86aa-6e7f5de85bf4.svcp_1-0-5.20150313.somatic.snv_mnv.tar.gz", 
            "file_size": 167771093, 
            "object_id": "e0afe7d2-f602-5816-8688-ba436c94ecf4"
        }, 
        {
            "file_md5sum": "250cb19397369d72102b9d4a55376285", 
            "file_name": "0ba8f2e2-935a-4123-86aa-6e7f5de85bf4.svcp_1-0-5.20150313.somatic.cnv.tar.gz", 
            "file_size": 27527680, 
            "object_id": "53c8ff37-a8c3-540a-84c5-90307389951c"
        }, 
        {
            "file_md5sum": "a9484610a35c199561cee561b9983944", 
            "file_name": "0ba8f2e2-935a-4123-86aa-6e7f5de85bf4.svcp_1-0-5.20150313.somatic.sv.tar.gz",