{
    "_runs_": {
        "run_1446733710_473bc1ba-30c1-4513-85ee-ac3d5bf06428": {
            "downloading": {
                "gnos-download_time": 248, 
                "start": 1446734094, 
                "stop": 1446734343, 
                "time": 249
            }, 
            "uploading": {
                "start": 1446734355, 
                "stop": 1446734752, 
                "time": 397, 
                "upload_time": 397
            }
        }, 
        "run_1447207558_17d778cd-001b-46a0-8828-0ff4e566e59e": {
            "downloading": {
                "01217aaa-3054-47ae-8d03-6aeb203bf0ab.xml-download_time": 0, 
                "01217aaa-3054-47ae-8d03-6aeb203bf0ab.xml-md5sum_time": 0, 
                "9beb4126-0112-4c06-80a3-e5dd1c2b88d5.svcp_1-0-4.20150204.somatic.binnedReadCounts.tar.gz-download_time": 2, 
                "9beb4126-0112-4c06-80a3-e5dd1c2b88d5.svcp_1-0-4.20150204.somatic.binnedReadCounts.tar.gz-md5sum_time": 0, 
                "9beb4126-0112-4c06-80a3-e5dd1c2b88d5.svcp_1-0-4.20150204.somatic.cnv.tar.gz-download_time": 1, 
                "9beb4126-0112-4c06-80a3-e5dd1c2b88d5.svcp_1-0-4.20150204.somatic.cnv.tar.gz-md5sum_time": 0, 
                "9beb4126-0112-4c06-80a3-e5dd1c2b88d5.svcp_1-0-4.20150204.somatic.cnv.vcf.gz-download_time": 1, 
                "9beb4126-0112-4c06-80a3-e5dd1c2b88d5.svcp_1-0-4.20150204.somatic.cnv.vcf.gz-md5sum_time": 0, 
                "9beb4126-0112-4c06-80a3-e5dd1c2b88d5.svcp_1-0-4.20150204.somatic.cnv.vcf.gz.tbi-download_time": 0, 
                "9beb4126-0112-4c06-80a3-e5dd1c2b88d5.svcp_1-0-4.20150204.somatic.cnv.vcf.gz.tbi-md5sum_time": 0, 
                "9beb4126-0112-4c06-80a3-e5dd1c2b88d5.svcp_1-0-4.20150204.somatic.genotype.tar.gz-download_time": 0, 
                "9beb4126-0112-4c06-80a3-e5dd1c2b88d5.svcp_1-0-4.20150204.somatic.genotype.tar.gz-md5sum_time": 0, 
                "9beb4126-0112-4c06-80a3-e5dd1c2b88d5.svcp_1-0-4.20150204.somatic.imputeCounts.tar.gz-download_time": 3, 
                "9beb4126-0112-4c06-80a3-e5dd1c2b88d5.svcp_1-0-4.20150204.somatic.imputeCounts.tar.gz-md5sum_time": 1, 
                "9beb4126-0112-4c06-80a3-e5dd1c2b88d5.svcp_1-0-4.20150204.somatic.indel.tar.gz-download_time": 11, 
                "9beb4126-0112-4c06-80a3-e5dd1c2b88d5.svcp_1-0-4.20150204.somatic.indel.tar.gz-md5sum_time": 2, 
                "9beb4126-0112-4c06-80a3-e5dd1c2b88d5.svcp_1-0-4.20150204.somatic.indel.vcf.gz-download_time": 2, 
                "9beb4126-0112-4c06-80a3-e5dd1c2b88d5.svcp_1-0-4.20150204.somatic.indel.vcf.gz-md5sum_time": 0, 
                "9beb4126-0112-4c06-80a3-e5dd1c2b88d5.svcp_1-0-4.20150204.somatic.indel.vcf.gz.tbi-download_time": 0, 
                "9beb4126-0112-4c06-80a3-e5dd1c2b88d5.svcp_1-0-4.20150204.somatic.indel.vcf.gz.tbi-md5sum_time": 0, 
                "9beb4126-0112-4c06-80a3-e5dd1c2b88d5.svcp_1-0-4.20150204.somatic.snv_mnv.tar.gz-download_time": 2, 
                "9beb4126-0112-4c06-80a3-e5dd1c2b88d5.svcp_1-0-4.20150204.somatic.snv_mnv.tar.gz-md5sum_time": 1, 
                "9beb4126-0112-4c06-80a3-e5dd1c2b88d5.svcp_1-0-4.20150204.somatic.snv_mnv.vcf.gz-download_time": 1, 
                "9beb4126-0112-4c06-80a3-e5dd1c2b88d5.svcp_1-0-4.20150204.somatic.snv_mnv.vcf.gz-md5sum_time": 0, 
                "9beb4126-0112-4c06-80a3-e5dd1c2b88d5.svcp_1-0-4.20150204.somatic.snv_mnv.vcf.gz.tbi-download_time": 0, 
                "9beb4126-0112-4c06-80a3-e5dd1c2b88d5.svcp_1-0-4.20150204.somatic.snv_mnv.vcf.gz.tbi-md5sum_time": 0, 
                "9beb4126-0112-4c06-80a3-e5dd1c2b88d5.svcp_1-0-4.20150204.somatic.sv.tar.gz-download_time": 33, 
                "9beb4126-0112-4c06-80a3-e5dd1c2b88d5.svcp_1-0-4.20150204.somatic.sv.tar.gz-md5sum_time": 9, 
                "9beb4126-0112-4c06-80a3-e5dd1c2b88d5.svcp_1-0-4.20150204.somatic.sv.vcf.gz-download_time": 1, 
                "9beb4126-0112-4c06-80a3-e5dd1c2b88d5.svcp_1-0-4.20150204.somatic.sv.vcf.gz-md5sum_time": 0, 
                "9beb4126-0112-4c06-80a3-e5dd1c2b88d5.svcp_1-0-4.20150204.somatic.sv.vcf.gz.tbi-download_time": 0, 
                "9beb4126-0112-4c06-80a3-e5dd1c2b88d5.svcp_1-0-4.20150204.somatic.sv.vcf.gz.tbi-md5sum_time": 0, 
                "9beb4126-0112-4c06-80a3-e5dd1c2b88d5.svcp_1-0-4.20150204.somatic.verifyBamId.tar.gz-download_time": 1, 
                "9beb4126-0112-4c06-80a3-e5dd1c2b88d5.svcp_1-0-4.20150204.somatic.verifyBamId.tar.gz-md5sum_time": 0, 
                "start": 1447211966, 
                "stop": 1447212037, 
                "time": 71
            }, 
            "uploading": {
                "start": 1447212041, 
                "stop": 1447212041, 
                "time": 0
            }
        }
    }, 
    "aliquot_id": null, 
    "available_repos": [
        {
            "https://gtrepo-dkfz.annailabs.com/": {
                "file_md5sum": "660845840c9ddaa1e6e90ad302c7f6c2", 
                "file_size": 58494
            }
        }
    ], 
    "data_type": "Sanger-VCF", 
    "files": [
        {
            "file_md5sum": "5c6835899fb004268a1cc67a46906d9f", 
            "file_name": "9beb4126-0112-4c06-80a3-e5dd1c2b88d5.svcp_1-0-4.20150204.somatic.snv_mnv.vcf.gz", 
            "file_size": 936812, 
            "object_id": "83e245c3-082c-5806-81ba-43d256c083f0"
        }, 
        {
            "file_md5sum": "956a36d72137e3b6e8bcd7e50ecd2a0b", 
            "file_name": "9beb4126-0112-4c06-80a3-e5dd1c2b88d5.svcp_1-0-4.20150204.somatic.snv_mnv.vcf.gz.tbi", 
            "file_size": 172284, 
            "object_id": "e02728b6-4a20-50ae-91bc-822f8f2879ed"
        }, 
        {
            "file_md5sum": "9cebb51059f6bf91d5a5d3be69757d30", 
            "file_name": "9beb4126-0112-4c06-80a3-e5dd1c2b88d5.svcp_1-0-4.20150204.somatic.cnv.vcf.gz", 
            "file_size": 2145, 
            "object_id": "af8b81fb-5689-519d-a95f-5b887fffabad"
        }, 
        {
            "file_md5sum": "5d93d36ae984b50587c2599bba702950", 
            "file_name": "9beb4126-0112-4c06-80a3-e5dd1c2b88d5.svcp_1-0-4.20150204.somatic.cnv.vcf.gz.tbi", 
            "file_size": 4321, 
            "object_id": "b57c6c6f-f8ae-5593-8644-fd0681d5897a"
        }, 
        {
            "file_md5sum": "43b8f8780681f90745e784141e37df1f", 
            "file_name": "9beb4126-0112-4c06-80a3-e5dd1c2b88d5.svcp_1-0-4.20150204.somatic.sv.vcf.gz", 
            "file_size": 2933, 
            "object_id": "cc54a1f9-3cdd-5b49-946f-96392bd68ca6"
        }, 
        {
            "file_md5sum": "59cabc84fa70e679410fe9941c87d54a", 
            "file_name": "9beb4126-0112-4c06-80a3-e5dd1c2b88d5.svcp_1-0-4.20150204.somatic.sv.vcf.gz.tbi", 
            "file_size": 589, 
            "object_id": "2fe40431-eb18-5f85-b62c-371cfe4355c9"
        }, 
        {
            "file_md5sum": "1a3c5222556c0b726a60eedd8a8ee9b3", 
            "file_name": "9beb4126-0112-4c06-80a3-e5dd1c2b88d5.svcp_1-0-4.20150204.somatic.indel.vcf.gz", 
            "file_size": 51639576, 
            "object_id": "064fc2bc-0e07-5427-9f26-9c3f9d5455a4"
        }, 
        {
            "file_md5sum": "7611bb80f136f3ac7d5ee1eae49b86b1", 
            "file_name": "9beb4126-0112-4c06-80a3-e5dd1c2b88d5.svcp_1-0-4.20150204.somatic.indel.vcf.gz.tbi", 
            "file_size": 1504197, 
            "object_id": "168a3c24-bc4a-5550-b90a-139eaccd0d3e"
        }, 
        {
            "file_md5sum": "c3e2917442919f0649d971f3a34e5b55", 
            "file_name": "9beb4126-0112-4c06-80a3-e5dd1c2b88d5.svcp_1-0-4.20150204.somatic.snv_mnv.tar.gz", 
            "file_size": 153646535, 
            "object_id": "11e6525e-32e5-55f0-b4c3-58d94850e9ce"
        }, 
        {
            "file_md5sum": "58af17b7c691757ef4f425a2ff08729f", 
            "file_name": "9beb4126-0112-4c06-80a3-e5dd1c2b88d5.svcp_1-0-4.20150204.somatic.cnv.tar.gz", 
            "file_size": 26547850, 
            "object_id": "fe55f908-e32b-5822-a30b-e57b92db2051"
        }, 
        {
            "file_md5sum": "08002eb1402590e78b292e56a48b04d0",