{
    "_runs_": {
        "run_1446733761_aca83eae-8fe1-4a9e-9071-e5c89bf651be": {
            "downloading": {
                "gnos-download_time": 107, 
                "start": 1446734921, 
                "stop": 1446735029, 
                "time": 108
            }, 
            "uploading": {
                "start": 1446735032, 
                "stop": 1446735321, 
                "time": 289, 
                "upload_time": 289
            }
        }, 
        "run_1447252763_72613a13-3b6b-419c-8d2a-de9aa184daf4": {
            "downloading": {
                "057d1f24-b8a8-429f-ae82-739e5bd0ec27.xml-download_time": 1, 
                "057d1f24-b8a8-429f-ae82-739e5bd0ec27.xml-md5sum_time": 0, 
                "b2190e26-1809-4aba-9f45-07c2edb3b4a4.svcp_1-0-2.20150120.somatic.binnedReadCounts.tar.gz-download_time": 4, 
                "b2190e26-1809-4aba-9f45-07c2edb3b4a4.svcp_1-0-2.20150120.somatic.binnedReadCounts.tar.gz-md5sum_time": 0, 
                "b2190e26-1809-4aba-9f45-07c2edb3b4a4.svcp_1-0-2.20150120.somatic.cnv.tar.gz-download_time": 1, 
                "b2190e26-1809-4aba-9f45-07c2edb3b4a4.svcp_1-0-2.20150120.somatic.cnv.tar.gz-md5sum_time": 0, 
                "b2190e26-1809-4aba-9f45-07c2edb3b4a4.svcp_1-0-2.20150120.somatic.cnv.vcf.gz-download_time": 1, 
                "b2190e26-1809-4aba-9f45-07c2edb3b4a4.svcp_1-0-2.20150120.somatic.cnv.vcf.gz-md5sum_time": 0, 
                "b2190e26-1809-4aba-9f45-07c2edb3b4a4.svcp_1-0-2.20150120.somatic.cnv.vcf.gz.tbi-download_time": 0, 
                "b2190e26-1809-4aba-9f45-07c2edb3b4a4.svcp_1-0-2.20150120.somatic.cnv.vcf.gz.tbi-md5sum_time": 0, 
                "b2190e26-1809-4aba-9f45-07c2edb3b4a4.svcp_1-0-2.20150120.somatic.genotype.tar.gz-download_time": 1, 
                "b2190e26-1809-4aba-9f45-07c2edb3b4a4.svcp_1-0-2.20150120.somatic.genotype.tar.gz-md5sum_time": 0, 
                "b2190e26-1809-4aba-9f45-07c2edb3b4a4.svcp_1-0-2.20150120.somatic.imputeCounts.tar.gz-download_time": 9, 
                "b2190e26-1809-4aba-9f45-07c2edb3b4a4.svcp_1-0-2.20150120.somatic.imputeCounts.tar.gz-md5sum_time": 1, 
                "b2190e26-1809-4aba-9f45-07c2edb3b4a4.svcp_1-0-2.20150120.somatic.indel.tar.gz-download_time": 25, 
                "b2190e26-1809-4aba-9f45-07c2edb3b4a4.svcp_1-0-2.20150120.somatic.indel.tar.gz-md5sum_time": 2, 
                "b2190e26-1809-4aba-9f45-07c2edb3b4a4.svcp_1-0-2.20150120.somatic.indel.vcf.gz-download_time": 1, 
                "b2190e26-1809-4aba-9f45-07c2edb3b4a4.svcp_1-0-2.20150120.somatic.indel.vcf.gz-md5sum_time": 0, 
                "b2190e26-1809-4aba-9f45-07c2edb3b4a4.svcp_1-0-2.20150120.somatic.indel.vcf.gz.tbi-download_time": 1, 
                "b2190e26-1809-4aba-9f45-07c2edb3b4a4.svcp_1-0-2.20150120.somatic.indel.vcf.gz.tbi-md5sum_time": 0, 
                "b2190e26-1809-4aba-9f45-07c2edb3b4a4.svcp_1-0-2.20150120.somatic.snv_mnv.tar.gz-download_time": 2, 
                "b2190e26-1809-4aba-9f45-07c2edb3b4a4.svcp_1-0-2.20150120.somatic.snv_mnv.tar.gz-md5sum_time": 0, 
                "b2190e26-1809-4aba-9f45-07c2edb3b4a4.svcp_1-0-2.20150120.somatic.snv_mnv.vcf.gz-download_time": 0, 
                "b2190e26-1809-4aba-9f45-07c2edb3b4a4.svcp_1-0-2.20150120.somatic.snv_mnv.vcf.gz-md5sum_time": 0, 
                "b2190e26-1809-4aba-9f45-07c2edb3b4a4.svcp_1-0-2.20150120.somatic.snv_mnv.vcf.gz.tbi-download_time": 1, 
                "b2190e26-1809-4aba-9f45-07c2edb3b4a4.svcp_1-0-2.20150120.somatic.snv_mnv.vcf.gz.tbi-md5sum_time": 0, 
                "b2190e26-1809-4aba-9f45-07c2edb3b4a4.svcp_1-0-2.20150120.somatic.sv.tar.gz-download_time": 12, 
                "b2190e26-1809-4aba-9f45-07c2edb3b4a4.svcp_1-0-2.20150120.somatic.sv.tar.gz-md5sum_time": 4, 
                "b2190e26-1809-4aba-9f45-07c2edb3b4a4.svcp_1-0-2.20150120.somatic.sv.vcf.gz-download_time": 1, 
                "b2190e26-1809-4aba-9f45-07c2edb3b4a4.svcp_1-0-2.20150120.somatic.sv.vcf.gz-md5sum_time": 0, 
                "b2190e26-1809-4aba-9f45-07c2edb3b4a4.svcp_1-0-2.20150120.somatic.sv.vcf.gz.tbi-download_time": 0, 
                "b2190e26-1809-4aba-9f45-07c2edb3b4a4.svcp_1-0-2.20150120.somatic.sv.vcf.gz.tbi-md5sum_time": 0, 
                "b2190e26-1809-4aba-9f45-07c2edb3b4a4.svcp_1-0-2.20150120.somatic.verifyBamId.tar.gz-download_time": 0, 
                "b2190e26-1809-4aba-9f45-07c2edb3b4a4.svcp_1-0-2.20150120.somatic.verifyBamId.tar.gz-md5sum_time": 0, 
                "start": 1447252777, 
                "stop": 1447252844, 
                "time": 67
            }, 
            "uploading": {
                "start": 1447252848, 
                "stop": 1447252848, 
                "time": 0
            }
        }
    }, 
    "aliquot_id": null, 
    "available_repos": [
        {
            "https://gtrepo-dkfz.annailabs.com/": {
                "file_md5sum": "c2a19ea10220d74e4e27b03aca8293e0", 
                "file_size": 61053
            }
        }
    ], 
    "data_type": "Sanger-VCF", 
    "files": [
        {
            "file_md5sum": "a049233237012889a6d380c2f0e27850", 
            "file_name": "b2190e26-1809-4aba-9f45-07c2edb3b4a4.svcp_1-0-2.20150120.somatic.snv_mnv.vcf.gz", 
            "file_size": 1937423, 
            "object_id": "102bc25c-29ea-5592-83c8-93db2bd0f487"
        }, 
        {
            "file_md5sum": "a87fd95ebbb16d8c8b6d4ca5229f33b2", 
            "file_name": "b2190e26-1809-4aba-9f45-07c2edb3b4a4.svcp_1-0-2.20150120.somatic.snv_mnv.vcf.gz.tbi", 
            "file_size": 319027, 
            "object_id": "11b668d7-a56d-52a0-a035-af1fdf9170bc"
        }, 
        {
            "file_md5sum": "d2bb90e7d7aac34172e2bebaf6e9dde1", 
            "file_name": "b2190e26-1809-4aba-9f45-07c2edb3b4a4.svcp_1-0-2.20150120.somatic.cnv.vcf.gz", 
            "file_size": 2847, 
            "object_id": "278207fa-2132-5b65-a1cd-b3c7e3e9e44e"
        }, 
        {
            "file_md5sum": "38bc1dac941bdf72b1d840713c3825fd", 
            "file_name": "b2190e26-1809-4aba-9f45-07c2edb3b4a4.svcp_1-0-2.20150120.somatic.cnv.vcf.gz.tbi", 
            "file_size": 4793, 
            "object_id": "48ada0ef-d205-57ea-b641-f0c86cd57d88"
        }, 
        {
            "file_md5sum": "9124ed202aa779d7bb77df69f525dfb1", 
            "file_name": "b2190e26-1809-4aba-9f45-07c2edb3b4a4.svcp_1-0-2.20150120.somatic.sv.vcf.gz", 
            "file_size": 3493, 
            "object_id": "848b4e16-9813-585a-89a4-c825ab174d6a"
        }, 
        {
            "file_md5sum": "c7473bb487c849a32d39d92ab9d01c4f", 
            "file_name": "b2190e26-1809-4aba-9f45-07c2edb3b4a4.svcp_1-0-2.20150120.somatic.sv.vcf.gz.tbi", 
            "file_size": 710, 
            "object_id": "5c6889c8-7f35-5023-8381-2146ac7257b8"
        }, 
        {
            "file_md5sum": "5d1730ac8061c7ea28eacf3685485b78", 
            "file_name": "b2190e26-1809-4aba-9f45-07c2edb3b4a4.svcp_1-0-2.20150120.somatic.indel.vcf.gz", 
            "file_size": 57236305, 
            "object_id": "ae0874f3-8536-568d-beb6-ef22cacdb39b"
        }, 
        {
            "file_md5sum": "94f2d97a7a644117bc2b6d7d90fe6ff9", 
            "file_name": "b2190e26-1809-4aba-9f45-07c2edb3b4a4.svcp_1-0-2.20150120.somatic.indel.vcf.gz.tbi", 
            "file_size": 1537212, 
            "object_id": "6ac0e3ee-e4fb-56a7-ac34-8d657d9553ab"
        }, 
        {
            "file_md5sum": "cccefd8a1257c8c571f85f163303ef47", 
            "file_name": "b2190e26-1809-4aba-9f45-07c2edb3b4a4.svcp_1-0-2.20150120.somatic.snv_mnv.tar.gz", 
            "file_size": 160800326, 
            "object_id": "ef2095ee-c87e-5be8-9008-0296374706b6"
        }, 
        {
            "file_md5sum": "a9600c0f7947137a49e6953b1e7e47f8", 
            "file_name": "b2190e26-1809-4aba-9f45-07c2edb3b4a4.svcp_1-0-2.20150120.somatic.cnv.tar.gz", 
            "file_size": 26786126, 
            "object_id": "3f54dce8-09eb-578b-9aaf-5e72ebd177c6"
        }, 
        {
            "file_md5sum": "67acb5727d0907191e92f1b95c28b43c",