{
    "_runs_": {
        "run_1446733761_aca83eae-8fe1-4a9e-9071-e5c89bf651be": {
            "downloading": {
                "gnos-download_time": 233, 
                "start": 1446735326, 
                "stop": 1446735560, 
                "time": 234
            }, 
            "uploading": {
                "start": 1446735563, 
                "stop": 1446736150, 
                "time": 587, 
                "upload_time": 587
            }
        }, 
        "run_1447252810_d6c78c73-0b6c-42da-a265-7417fa4cc715": {
            "downloading": {
                "06c4948f-1ec5-48d4-8ff1-071dffb30193.xml-download_time": 1, 
                "06c4948f-1ec5-48d4-8ff1-071dffb30193.xml-md5sum_time": 0, 
                "aa5907cb-3be3-4e23-982d-719417baeb37.svcp_1-0-4.20150204.somatic.binnedReadCounts.tar.gz-download_time": 2, 
                "aa5907cb-3be3-4e23-982d-719417baeb37.svcp_1-0-4.20150204.somatic.binnedReadCounts.tar.gz-md5sum_time": 0, 
                "aa5907cb-3be3-4e23-982d-719417baeb37.svcp_1-0-4.20150204.somatic.cnv.tar.gz-download_time": 1, 
                "aa5907cb-3be3-4e23-982d-719417baeb37.svcp_1-0-4.20150204.somatic.cnv.tar.gz-md5sum_time": 0, 
                "aa5907cb-3be3-4e23-982d-719417baeb37.svcp_1-0-4.20150204.somatic.cnv.vcf.gz-download_time": 1, 
                "aa5907cb-3be3-4e23-982d-719417baeb37.svcp_1-0-4.20150204.somatic.cnv.vcf.gz-md5sum_time": 0, 
                "aa5907cb-3be3-4e23-982d-719417baeb37.svcp_1-0-4.20150204.somatic.cnv.vcf.gz.tbi-download_time": 0, 
                "aa5907cb-3be3-4e23-982d-719417baeb37.svcp_1-0-4.20150204.somatic.cnv.vcf.gz.tbi-md5sum_time": 0, 
                "aa5907cb-3be3-4e23-982d-719417baeb37.svcp_1-0-4.20150204.somatic.genotype.tar.gz-download_time": 1, 
                "aa5907cb-3be3-4e23-982d-719417baeb37.svcp_1-0-4.20150204.somatic.genotype.tar.gz-md5sum_time": 0, 
                "aa5907cb-3be3-4e23-982d-719417baeb37.svcp_1-0-4.20150204.somatic.imputeCounts.tar.gz-download_time": 7, 
                "aa5907cb-3be3-4e23-982d-719417baeb37.svcp_1-0-4.20150204.somatic.imputeCounts.tar.gz-md5sum_time": 1, 
                "aa5907cb-3be3-4e23-982d-719417baeb37.svcp_1-0-4.20150204.somatic.indel.tar.gz-download_time": 8, 
                "aa5907cb-3be3-4e23-982d-719417baeb37.svcp_1-0-4.20150204.somatic.indel.tar.gz-md5sum_time": 2, 
                "aa5907cb-3be3-4e23-982d-719417baeb37.svcp_1-0-4.20150204.somatic.indel.vcf.gz-download_time": 2, 
                "aa5907cb-3be3-4e23-982d-719417baeb37.svcp_1-0-4.20150204.somatic.indel.vcf.gz-md5sum_time": 0, 
                "aa5907cb-3be3-4e23-982d-719417baeb37.svcp_1-0-4.20150204.somatic.indel.vcf.gz.tbi-download_time": 1, 
                "aa5907cb-3be3-4e23-982d-719417baeb37.svcp_1-0-4.20150204.somatic.indel.vcf.gz.tbi-md5sum_time": 0, 
                "aa5907cb-3be3-4e23-982d-719417baeb37.svcp_1-0-4.20150204.somatic.snv_mnv.tar.gz-download_time": 2, 
                "aa5907cb-3be3-4e23-982d-719417baeb37.svcp_1-0-4.20150204.somatic.snv_mnv.tar.gz-md5sum_time": 0, 
                "aa5907cb-3be3-4e23-982d-719417baeb37.svcp_1-0-4.20150204.somatic.snv_mnv.vcf.gz-download_time": 1, 
                "aa5907cb-3be3-4e23-982d-719417baeb37.svcp_1-0-4.20150204.somatic.snv_mnv.vcf.gz-md5sum_time": 0, 
                "aa5907cb-3be3-4e23-982d-719417baeb37.svcp_1-0-4.20150204.somatic.snv_mnv.vcf.gz.tbi-download_time": 0, 
                "aa5907cb-3be3-4e23-982d-719417baeb37.svcp_1-0-4.20150204.somatic.snv_mnv.vcf.gz.tbi-md5sum_time": 0, 
                "aa5907cb-3be3-4e23-982d-719417baeb37.svcp_1-0-4.20150204.somatic.sv.tar.gz-download_time": 76, 
                "aa5907cb-3be3-4e23-982d-719417baeb37.svcp_1-0-4.20150204.somatic.sv.tar.gz-md5sum_time": 14, 
                "aa5907cb-3be3-4e23-982d-719417baeb37.svcp_1-0-4.20150204.somatic.sv.vcf.gz-download_time": 1, 
                "aa5907cb-3be3-4e23-982d-719417baeb37.svcp_1-0-4.20150204.somatic.sv.vcf.gz-md5sum_time": 0, 
                "aa5907cb-3be3-4e23-982d-719417baeb37.svcp_1-0-4.20150204.somatic.sv.vcf.gz.tbi-download_time": 0, 
                "aa5907cb-3be3-4e23-982d-719417baeb37.svcp_1-0-4.20150204.somatic.sv.vcf.gz.tbi-md5sum_time": 0, 
                "aa5907cb-3be3-4e23-982d-719417baeb37.svcp_1-0-4.20150204.somatic.verifyBamId.tar.gz-download_time": 0, 
                "aa5907cb-3be3-4e23-982d-719417baeb37.svcp_1-0-4.20150204.somatic.verifyBamId.tar.gz-md5sum_time": 0, 
                "start": 1447252818, 
                "stop": 1447252939, 
                "time": 121
            }, 
            "uploading": {
                "start": 1447252954, 
                "stop": 1447252954, 
                "time": 0
            }
        }
    }, 
    "aliquot_id": null, 
    "available_repos": [
        {
            "https://gtrepo-dkfz.annailabs.com/": {
                "file_md5sum": "40022def4959888ee59c8527e4760303", 
                "file_size": 58689
            }
        }
    ], 
    "data_type": "Sanger-VCF", 
    "files": [
        {
            "file_md5sum": "a807ffece2bc63a89aa85f3ddb65c26e", 
            "file_name": "aa5907cb-3be3-4e23-982d-719417baeb37.svcp_1-0-4.20150204.somatic.snv_mnv.vcf.gz", 
            "file_size": 1653755, 
            "object_id": "54e77f99-3718-592c-aad5-570825227632"
        }, 
        {
            "file_md5sum": "7fe903c3eac576992f2e1d49b35bd346", 
            "file_name": "aa5907cb-3be3-4e23-982d-719417baeb37.svcp_1-0-4.20150204.somatic.snv_mnv.vcf.gz.tbi", 
            "file_size": 277613, 
            "object_id": "89dc738f-94d1-5c86-a0cf-b470862f0b70"
        }, 
        {
            "file_md5sum": "2c5a1a420f82eb9f58b1c719a7c275f0", 
            "file_name": "aa5907cb-3be3-4e23-982d-719417baeb37.svcp_1-0-4.20150204.somatic.cnv.vcf.gz", 
            "file_size": 2104, 
            "object_id": "117ce8bd-cc71-582f-9119-7422c4a106fe"
        }, 
        {
            "file_md5sum": "49f29d4a5ed3d6658ed9c60f15ed8cb7", 
            "file_name": "aa5907cb-3be3-4e23-982d-719417baeb37.svcp_1-0-4.20150204.somatic.cnv.vcf.gz.tbi", 
            "file_size": 4292, 
            "object_id": "7fd2cf6e-5486-50b7-9f32-7ca7f3445995"
        }, 
        {
            "file_md5sum": "405bbade34a056a7b63e85de596e59eb", 
            "file_name": "aa5907cb-3be3-4e23-982d-719417baeb37.svcp_1-0-4.20150204.somatic.sv.vcf.gz", 
            "file_size": 3317, 
            "object_id": "8f4a1f9a-b88c-59fd-a43a-78df7ffc9b4a"
        }, 
        {
            "file_md5sum": "0607a32de9ba76f1ee7486ae4acce3c3", 
            "file_name": "aa5907cb-3be3-4e23-982d-719417baeb37.svcp_1-0-4.20150204.somatic.sv.vcf.gz.tbi", 
            "file_size": 581, 
            "object_id": "40a9ea5e-6de4-501b-838c-a3cc66e9558c"
        }, 
        {
            "file_md5sum": "da13accfe8d6316940e491785385a6a1", 
            "file_name": "aa5907cb-3be3-4e23-982d-719417baeb37.svcp_1-0-4.20150204.somatic.indel.vcf.gz", 
            "file_size": 60892290, 
            "object_id": "1316ff83-909f-5fac-9c98-f102fced5963"
        }, 
        {
            "file_md5sum": "187b510c7b31c81726eb1ebb345a6088", 
            "file_name": "aa5907cb-3be3-4e23-982d-719417baeb37.svcp_1-0-4.20150204.somatic.indel.vcf.gz.tbi", 
            "file_size": 1540884, 
            "object_id": "0a5460b2-3d04-5e0c-b86c-68384dc1ce85"
        }, 
        {
            "file_md5sum": "fbe1aeaa29a806a90e466a3fc7f282c7", 
            "file_name": "aa5907cb-3be3-4e23-982d-719417baeb37.svcp_1-0-4.20150204.somatic.snv_mnv.tar.gz", 
            "file_size": 163388839, 
            "object_id": "16c92e77-8f9b-55b7-8560-255be291804a"
        }, 
        {
            "file_md5sum": "2007dfa2ea1f321c4f5f193308e102ee", 
            "file_name": "aa5907cb-3be3-4e23-982d-719417baeb37.svcp_1-0-4.20150204.somatic.cnv.tar.gz", 
            "file_size": 26908116, 
            "object_id": "106bab90-d8a5-597c-a7bc-2fdeb141c3f1"
        }, 
        {
            "file_md5sum": "3626d5d150cbe0c0b42fd26ac3358def",