{
    "_runs_": {
        "run_1446733761_aca83eae-8fe1-4a9e-9071-e5c89bf651be": {
            "downloading": {
                "gnos-download_time": 82, 
                "start": 1446738975, 
                "stop": 1446739058, 
                "time": 83
            }, 
            "uploading": {
                "start": 1446739062, 
                "stop": 1446739811, 
                "time": 749, 
                "upload_time": 749
            }
        }, 
        "run_1447252756_81ea9ce3-7604-434f-b969-201a8059fe79": {
            "downloading": {
                "137fa7b0-583b-4c8e-81ee-4f37ba1d5914.xml-download_time": 1, 
                "137fa7b0-583b-4c8e-81ee-4f37ba1d5914.xml-md5sum_time": 0, 
                "b68f18e1-0117-420c-9405-e8d3a1e8caff.svcp_1-0-4.20150207.somatic.binnedReadCounts.tar.gz-download_time": 2, 
                "b68f18e1-0117-420c-9405-e8d3a1e8caff.svcp_1-0-4.20150207.somatic.binnedReadCounts.tar.gz-md5sum_time": 0, 
                "b68f18e1-0117-420c-9405-e8d3a1e8caff.svcp_1-0-4.20150207.somatic.cnv.tar.gz-download_time": 1, 
                "b68f18e1-0117-420c-9405-e8d3a1e8caff.svcp_1-0-4.20150207.somatic.cnv.tar.gz-md5sum_time": 0, 
                "b68f18e1-0117-420c-9405-e8d3a1e8caff.svcp_1-0-4.20150207.somatic.cnv.vcf.gz-download_time": 0, 
                "b68f18e1-0117-420c-9405-e8d3a1e8caff.svcp_1-0-4.20150207.somatic.cnv.vcf.gz-md5sum_time": 0, 
                "b68f18e1-0117-420c-9405-e8d3a1e8caff.svcp_1-0-4.20150207.somatic.cnv.vcf.gz.tbi-download_time": 1, 
                "b68f18e1-0117-420c-9405-e8d3a1e8caff.svcp_1-0-4.20150207.somatic.cnv.vcf.gz.tbi-md5sum_time": 0, 
                "b68f18e1-0117-420c-9405-e8d3a1e8caff.svcp_1-0-4.20150207.somatic.genotype.tar.gz-download_time": 1, 
                "b68f18e1-0117-420c-9405-e8d3a1e8caff.svcp_1-0-4.20150207.somatic.genotype.tar.gz-md5sum_time": 0, 
                "b68f18e1-0117-420c-9405-e8d3a1e8caff.svcp_1-0-4.20150207.somatic.imputeCounts.tar.gz-download_time": 7, 
                "b68f18e1-0117-420c-9405-e8d3a1e8caff.svcp_1-0-4.20150207.somatic.imputeCounts.tar.gz-md5sum_time": 1, 
                "b68f18e1-0117-420c-9405-e8d3a1e8caff.svcp_1-0-4.20150207.somatic.indel.tar.gz-download_time": 13, 
                "b68f18e1-0117-420c-9405-e8d3a1e8caff.svcp_1-0-4.20150207.somatic.indel.tar.gz-md5sum_time": 1, 
                "b68f18e1-0117-420c-9405-e8d3a1e8caff.svcp_1-0-4.20150207.somatic.indel.vcf.gz-download_time": 2, 
                "b68f18e1-0117-420c-9405-e8d3a1e8caff.svcp_1-0-4.20150207.somatic.indel.vcf.gz-md5sum_time": 0, 
                "b68f18e1-0117-420c-9405-e8d3a1e8caff.svcp_1-0-4.20150207.somatic.indel.vcf.gz.tbi-download_time": 0, 
                "b68f18e1-0117-420c-9405-e8d3a1e8caff.svcp_1-0-4.20150207.somatic.indel.vcf.gz.tbi-md5sum_time": 1, 
                "b68f18e1-0117-420c-9405-e8d3a1e8caff.svcp_1-0-4.20150207.somatic.snv_mnv.tar.gz-download_time": 1, 
                "b68f18e1-0117-420c-9405-e8d3a1e8caff.svcp_1-0-4.20150207.somatic.snv_mnv.tar.gz-md5sum_time": 1, 
                "b68f18e1-0117-420c-9405-e8d3a1e8caff.svcp_1-0-4.20150207.somatic.snv_mnv.vcf.gz-download_time": 0, 
                "b68f18e1-0117-420c-9405-e8d3a1e8caff.svcp_1-0-4.20150207.somatic.snv_mnv.vcf.gz-md5sum_time": 0, 
                "b68f18e1-0117-420c-9405-e8d3a1e8caff.svcp_1-0-4.20150207.somatic.snv_mnv.vcf.gz.tbi-download_time": 1, 
                "b68f18e1-0117-420c-9405-e8d3a1e8caff.svcp_1-0-4.20150207.somatic.snv_mnv.vcf.gz.tbi-md5sum_time": 0, 
                "b68f18e1-0117-420c-9405-e8d3a1e8caff.svcp_1-0-4.20150207.somatic.sv.tar.gz-download_time": 6, 
                "b68f18e1-0117-420c-9405-e8d3a1e8caff.svcp_1-0-4.20150207.somatic.sv.tar.gz-md5sum_time": 1, 
                "b68f18e1-0117-420c-9405-e8d3a1e8caff.svcp_1-0-4.20150207.somatic.sv.vcf.gz-download_time": 0, 
                "b68f18e1-0117-420c-9405-e8d3a1e8caff.svcp_1-0-4.20150207.somatic.sv.vcf.gz-md5sum_time": 0, 
                "b68f18e1-0117-420c-9405-e8d3a1e8caff.svcp_1-0-4.20150207.somatic.sv.vcf.gz.tbi-download_time": 0, 
                "b68f18e1-0117-420c-9405-e8d3a1e8caff.svcp_1-0-4.20150207.somatic.sv.vcf.gz.tbi-md5sum_time": 0, 
                "b68f18e1-0117-420c-9405-e8d3a1e8caff.svcp_1-0-4.20150207.somatic.verifyBamId.tar.gz-download_time": 0, 
                "b68f18e1-0117-420c-9405-e8d3a1e8caff.svcp_1-0-4.20150207.somatic.verifyBamId.tar.gz-md5sum_time": 0, 
                "start": 1447253611, 
                "stop": 1447253652, 
                "time": 41
            }, 
            "uploading": {
                "start": 1447253656, 
                "stop": 1447253656, 
                "time": 0
            }
        }
    }, 
    "aliquot_id": null, 
    "available_repos": [
        {
            "https://gtrepo-dkfz.annailabs.com/": {
                "file_md5sum": "118f5c22a58939e4c0996a689e5cd73a", 
                "file_size": 58569
            }
        }
    ], 
    "data_type": "Sanger-VCF", 
    "files": [
        {
            "file_md5sum": "58265695bd1d166543f54e4f0e83bd7a", 
            "file_name": "b68f18e1-0117-420c-9405-e8d3a1e8caff.svcp_1-0-4.20150207.somatic.snv_mnv.vcf.gz", 
            "file_size": 1261150, 
            "object_id": "eac5e473-d5ad-569f-bc16-2809abf81672"
        }, 
        {
            "file_md5sum": "1597d557e47a21a90999fc69470a7eb2", 
            "file_name": "b68f18e1-0117-420c-9405-e8d3a1e8caff.svcp_1-0-4.20150207.somatic.snv_mnv.vcf.gz.tbi", 
            "file_size": 229395, 
            "object_id": "301d2ea8-7984-5571-a196-9eb2f9dbcd09"
        }, 
        {
            "file_md5sum": "4d3588b6d58d575e1365d5944f27fff9", 
            "file_name": "b68f18e1-0117-420c-9405-e8d3a1e8caff.svcp_1-0-4.20150207.somatic.cnv.vcf.gz", 
            "file_size": 2148, 
            "object_id": "153b688a-4dcf-5d3a-bcf9-354ede3a2b79"
        }, 
        {
            "file_md5sum": "bc3012cf1823220f6e843b9ea902b60f", 
            "file_name": "b68f18e1-0117-420c-9405-e8d3a1e8caff.svcp_1-0-4.20150207.somatic.cnv.vcf.gz.tbi", 
            "file_size": 4309, 
            "object_id": "f56fe805-d97f-5f44-996f-2ff441fc5d73"
        }, 
        {
            "file_md5sum": "4b7551435749b99d9c2244819e720a6c", 
            "file_name": "b68f18e1-0117-420c-9405-e8d3a1e8caff.svcp_1-0-4.20150207.somatic.sv.vcf.gz", 
            "file_size": 4730, 
            "object_id": "7b4788c8-924b-5413-a73f-5af660fb3d92"
        }, 
        {
            "file_md5sum": "4f3009b27e10105f285e0bd92bc9c749", 
            "file_name": "b68f18e1-0117-420c-9405-e8d3a1e8caff.svcp_1-0-4.20150207.somatic.sv.vcf.gz.tbi", 
            "file_size": 1160, 
            "object_id": "523bf112-8546-5f16-9725-71b6f1c6dd41"
        }, 
        {
            "file_md5sum": "2c72ee1a541ac7b245a3fbe19bca3583", 
            "file_name": "b68f18e1-0117-420c-9405-e8d3a1e8caff.svcp_1-0-4.20150207.somatic.indel.vcf.gz", 
            "file_size": 54844200, 
            "object_id": "8026c8ae-897d-5254-a086-9186b813e7be"
        }, 
        {
            "file_md5sum": "12b1096551a6a1c823dd85d6ab340db6", 
            "file_name": "b68f18e1-0117-420c-9405-e8d3a1e8caff.svcp_1-0-4.20150207.somatic.indel.vcf.gz.tbi", 
            "file_size": 1515595, 
            "object_id": "9f66a02d-413a-51d9-a605-097db82788d7"
        }, 
        {
            "file_md5sum": "a5d4752badcd6604199577069555d6cb", 
            "file_name": "b68f18e1-0117-420c-9405-e8d3a1e8caff.svcp_1-0-4.20150207.somatic.snv_mnv.tar.gz", 
            "file_size": 157365973, 
            "object_id": "96170549-8322-50b3-94c7-098e1c73643f"
        }, 
        {
            "file_md5sum": "2c463bf66cfa44a0c171f7f59c376c7d", 
            "file_name": "b68f18e1-0117-420c-9405-e8d3a1e8caff.svcp_1-0-4.20150207.somatic.cnv.tar.gz", 
            "file_size": 26484089, 
            "object_id": "6e7f2c80-d02a-5202-8d41-e5689daaa3b1"
        }, 
        {
            "file_md5sum": "804a3654c58f91fe7b22478aec614a87",