{
    "_runs_": {
        "run_1446733710_473bc1ba-30c1-4513-85ee-ac3d5bf06428": {
            "downloading": {
                "gnos-download_time": 110, 
                "start": 1446733721, 
                "stop": 1446733832, 
                "time": 111
            }, 
            "uploading": {
                "start": 1446733836, 
                "stop": 1446734088, 
                "time": 252, 
                "upload_time": 252
            }
        }, 
        "run_1447207400_c823bef1-1a95-4341-9abe-730a731befe9": {
            "downloading": {
                "0008f9a0-835d-4c31-bd05-8d8c37f7dc7d.xml-download_time": 1, 
                "0008f9a0-835d-4c31-bd05-8d8c37f7dc7d.xml-md5sum_time": 0, 
                "0d569bd5-418d-4d72-87ca-8e14668c2119.svcp_1-0-5.20150225.somatic.binnedReadCounts.tar.gz-download_time": 2, 
                "0d569bd5-418d-4d72-87ca-8e14668c2119.svcp_1-0-5.20150225.somatic.binnedReadCounts.tar.gz-md5sum_time": 0, 
                "0d569bd5-418d-4d72-87ca-8e14668c2119.svcp_1-0-5.20150225.somatic.cnv.tar.gz-download_time": 1, 
                "0d569bd5-418d-4d72-87ca-8e14668c2119.svcp_1-0-5.20150225.somatic.cnv.tar.gz-md5sum_time": 1, 
                "0d569bd5-418d-4d72-87ca-8e14668c2119.svcp_1-0-5.20150225.somatic.cnv.vcf.gz-download_time": 1, 
                "0d569bd5-418d-4d72-87ca-8e14668c2119.svcp_1-0-5.20150225.somatic.cnv.vcf.gz-md5sum_time": 0, 
                "0d569bd5-418d-4d72-87ca-8e14668c2119.svcp_1-0-5.20150225.somatic.cnv.vcf.gz.tbi-download_time": 1, 
                "0d569bd5-418d-4d72-87ca-8e14668c2119.svcp_1-0-5.20150225.somatic.cnv.vcf.gz.tbi-md5sum_time": 0, 
                "0d569bd5-418d-4d72-87ca-8e14668c2119.svcp_1-0-5.20150225.somatic.genotype.tar.gz-download_time": 0, 
                "0d569bd5-418d-4d72-87ca-8e14668c2119.svcp_1-0-5.20150225.somatic.genotype.tar.gz-md5sum_time": 0, 
                "0d569bd5-418d-4d72-87ca-8e14668c2119.svcp_1-0-5.20150225.somatic.imputeCounts.tar.gz-download_time": 3, 
                "0d569bd5-418d-4d72-87ca-8e14668c2119.svcp_1-0-5.20150225.somatic.imputeCounts.tar.gz-md5sum_time": 1, 
                "0d569bd5-418d-4d72-87ca-8e14668c2119.svcp_1-0-5.20150225.somatic.indel.tar.gz-download_time": 5, 
                "0d569bd5-418d-4d72-87ca-8e14668c2119.svcp_1-0-5.20150225.somatic.indel.tar.gz-md5sum_time": 2, 
                "0d569bd5-418d-4d72-87ca-8e14668c2119.svcp_1-0-5.20150225.somatic.indel.vcf.gz-download_time": 3, 
                "0d569bd5-418d-4d72-87ca-8e14668c2119.svcp_1-0-5.20150225.somatic.indel.vcf.gz-md5sum_time": 1, 
                "0d569bd5-418d-4d72-87ca-8e14668c2119.svcp_1-0-5.20150225.somatic.indel.vcf.gz.tbi-download_time": 0, 
                "0d569bd5-418d-4d72-87ca-8e14668c2119.svcp_1-0-5.20150225.somatic.indel.vcf.gz.tbi-md5sum_time": 0, 
                "0d569bd5-418d-4d72-87ca-8e14668c2119.svcp_1-0-5.20150225.somatic.snv_mnv.tar.gz-download_time": 6, 
                "0d569bd5-418d-4d72-87ca-8e14668c2119.svcp_1-0-5.20150225.somatic.snv_mnv.tar.gz-md5sum_time": 0, 
                "0d569bd5-418d-4d72-87ca-8e14668c2119.svcp_1-0-5.20150225.somatic.snv_mnv.vcf.gz-download_time": 1, 
                "0d569bd5-418d-4d72-87ca-8e14668c2119.svcp_1-0-5.20150225.somatic.snv_mnv.vcf.gz-md5sum_time": 0, 
                "0d569bd5-418d-4d72-87ca-8e14668c2119.svcp_1-0-5.20150225.somatic.snv_mnv.vcf.gz.tbi-download_time": 1, 
                "0d569bd5-418d-4d72-87ca-8e14668c2119.svcp_1-0-5.20150225.somatic.snv_mnv.vcf.gz.tbi-md5sum_time": 0, 
                "0d569bd5-418d-4d72-87ca-8e14668c2119.svcp_1-0-5.20150225.somatic.sv.tar.gz-download_time": 24, 
                "0d569bd5-418d-4d72-87ca-8e14668c2119.svcp_1-0-5.20150225.somatic.sv.tar.gz-md5sum_time": 4, 
                "0d569bd5-418d-4d72-87ca-8e14668c2119.svcp_1-0-5.20150225.somatic.sv.vcf.gz-download_time": 0, 
                "0d569bd5-418d-4d72-87ca-8e14668c2119.svcp_1-0-5.20150225.somatic.sv.vcf.gz-md5sum_time": 0, 
                "0d569bd5-418d-4d72-87ca-8e14668c2119.svcp_1-0-5.20150225.somatic.sv.vcf.gz.tbi-download_time": 1, 
                "0d569bd5-418d-4d72-87ca-8e14668c2119.svcp_1-0-5.20150225.somatic.sv.vcf.gz.tbi-md5sum_time": 0, 
                "0d569bd5-418d-4d72-87ca-8e14668c2119.svcp_1-0-5.20150225.somatic.verifyBamId.tar.gz-download_time": 1, 
                "0d569bd5-418d-4d72-87ca-8e14668c2119.svcp_1-0-5.20150225.somatic.verifyBamId.tar.gz-md5sum_time": 0, 
                "start": 1447211631, 
                "stop": 1447211691, 
                "time": 60
            }, 
            "uploading": {
                "start": 1447211693, 
                "stop": 1447211693, 
                "time": 0
            }
        }
    }, 
    "aliquot_id": null, 
    "available_repos": [
        {
            "https://gtrepo-dkfz.annailabs.com/": {
                "file_md5sum": "6fe11e0c3e5ad84d2505c384f2c39b1c", 
                "file_size": 59282
            }
        }
    ], 
    "data_type": "Sanger-VCF", 
    "files": [
        {
            "file_md5sum": "2520076f4d8b37b2c347d3812affb63e", 
            "file_name": "0d569bd5-418d-4d72-87ca-8e14668c2119.svcp_1-0-5.20150225.somatic.snv_mnv.vcf.gz", 
            "file_size": 1570369, 
            "object_id": "ab97b6ed-63e8-5d74-a29b-74a818d33e6c"
        }, 
        {
            "file_md5sum": "324a8541ad6dc28771409811dbc72654", 
            "file_name": "0d569bd5-418d-4d72-87ca-8e14668c2119.svcp_1-0-5.20150225.somatic.snv_mnv.vcf.gz.tbi", 
            "file_size": 297374, 
            "object_id": "8e62aaa3-d290-58d9-a0fc-d27c02fd45c7"
        }, 
        {
            "file_md5sum": "dcb5c449b68f71a852eb47d75f356eb6", 
            "file_name": "0d569bd5-418d-4d72-87ca-8e14668c2119.svcp_1-0-5.20150225.somatic.cnv.vcf.gz", 
            "file_size": 2334, 
            "object_id": "e3b421f9-4e88-55fc-9831-3ae30a58bd44"
        }, 
        {
            "file_md5sum": "51d09fc69ee2127959ce37d7fc68a2a5", 
            "file_name": "0d569bd5-418d-4d72-87ca-8e14668c2119.svcp_1-0-5.20150225.somatic.cnv.vcf.gz.tbi", 
            "file_size": 4469, 
            "object_id": "209ab883-e7ba-567c-b858-4b932ccf67b8"
        }, 
        {
            "file_md5sum": "ce415d7db427ce9ae7210da1749cdea5", 
            "file_name": "0d569bd5-418d-4d72-87ca-8e14668c2119.svcp_1-0-5.20150225.somatic.sv.vcf.gz", 
            "file_size": 6710, 
            "object_id": "fa240ecb-c76a-5f9b-b794-0626d6958c9a"
        }, 
        {
            "file_md5sum": "de182bb69ef539e0d9306bf67ed60d10", 
            "file_name": "0d569bd5-418d-4d72-87ca-8e14668c2119.svcp_1-0-5.20150225.somatic.sv.vcf.gz.tbi", 
            "file_size": 1921, 
            "object_id": "5b1ce40c-5bbc-5388-ac1d-db0ca2ee53d5"
        }, 
        {
            "file_md5sum": "610ff56e9bbf9415888936a5cece3bfb", 
            "file_name": "0d569bd5-418d-4d72-87ca-8e14668c2119.svcp_1-0-5.20150225.somatic.indel.vcf.gz", 
            "file_size": 52270800, 
            "object_id": "aaa07d4a-0017-557b-867e-b4dd63bddd3d"
        }, 
        {
            "file_md5sum": "036acda413c2684cb042aa2a3029171a", 
            "file_name": "0d569bd5-418d-4d72-87ca-8e14668c2119.svcp_1-0-5.20150225.somatic.indel.vcf.gz.tbi", 
            "file_size": 1520320, 
            "object_id": "e6bfc01f-4f2c-5e8b-882c-3d80c332f4a1"
        }, 
        {
            "file_md5sum": "9ac3a88b6e93aa88daa65d6c091f80ed", 
            "file_name": "0d569bd5-418d-4d72-87ca-8e14668c2119.svcp_1-0-5.20150225.somatic.snv_mnv.tar.gz", 
            "file_size": 156951940, 
            "object_id": "7ca5403b-dc17-59e6-9538-92cfeaca2586"
        }, 
        {
            "file_md5sum": "e2113efaa514b1eec92bb0a11c253b00", 
            "file_name": "0d569bd5-418d-4d72-87ca-8e14668c2119.svcp_1-0-5.20150225.somatic.cnv.tar.gz", 
            "file_size": 26597568, 
            "object_id": "15a45cd8-e656-56b8-9ab2-346460bb367a"
        }, 
        {
            "file_md5sum": "0336f1f33ea7f40b8bc5f679eb287b75",