{
    "_runs_": {
        "run_1446733710_473bc1ba-30c1-4513-85ee-ac3d5bf06428": {
            "downloading": {
                "gnos-download_time": 125, 
                "start": 1446735696, 
                "stop": 1446735822, 
                "time": 126
            }, 
            "uploading": {
                "start": 1446735825, 
                "stop": 1446736128, 
                "time": 303, 
                "upload_time": 303
            }
        }, 
        "run_1447252828_57213d0a-5bc1-4577-b85c-1c85141ea0e5": {
            "downloading": {
                "071374a0-b711-412e-a68b-2b5d08342ce7.xml-download_time": 1, 
                "071374a0-b711-412e-a68b-2b5d08342ce7.xml-md5sum_time": 0, 
                "d8995dfa-a780-4fe6-b3f8-fb464f51a1cf.svcp_1-0-4.20150202.somatic.binnedReadCounts.tar.gz-download_time": 3, 
                "d8995dfa-a780-4fe6-b3f8-fb464f51a1cf.svcp_1-0-4.20150202.somatic.binnedReadCounts.tar.gz-md5sum_time": 0, 
                "d8995dfa-a780-4fe6-b3f8-fb464f51a1cf.svcp_1-0-4.20150202.somatic.cnv.tar.gz-download_time": 1, 
                "d8995dfa-a780-4fe6-b3f8-fb464f51a1cf.svcp_1-0-4.20150202.somatic.cnv.tar.gz-md5sum_time": 0, 
                "d8995dfa-a780-4fe6-b3f8-fb464f51a1cf.svcp_1-0-4.20150202.somatic.cnv.vcf.gz-download_time": 1, 
                "d8995dfa-a780-4fe6-b3f8-fb464f51a1cf.svcp_1-0-4.20150202.somatic.cnv.vcf.gz-md5sum_time": 0, 
                "d8995dfa-a780-4fe6-b3f8-fb464f51a1cf.svcp_1-0-4.20150202.somatic.cnv.vcf.gz.tbi-download_time": 0, 
                "d8995dfa-a780-4fe6-b3f8-fb464f51a1cf.svcp_1-0-4.20150202.somatic.cnv.vcf.gz.tbi-md5sum_time": 0, 
                "d8995dfa-a780-4fe6-b3f8-fb464f51a1cf.svcp_1-0-4.20150202.somatic.genotype.tar.gz-download_time": 0, 
                "d8995dfa-a780-4fe6-b3f8-fb464f51a1cf.svcp_1-0-4.20150202.somatic.genotype.tar.gz-md5sum_time": 0, 
                "d8995dfa-a780-4fe6-b3f8-fb464f51a1cf.svcp_1-0-4.20150202.somatic.imputeCounts.tar.gz-download_time": 5, 
                "d8995dfa-a780-4fe6-b3f8-fb464f51a1cf.svcp_1-0-4.20150202.somatic.imputeCounts.tar.gz-md5sum_time": 1, 
                "d8995dfa-a780-4fe6-b3f8-fb464f51a1cf.svcp_1-0-4.20150202.somatic.indel.tar.gz-download_time": 6, 
                "d8995dfa-a780-4fe6-b3f8-fb464f51a1cf.svcp_1-0-4.20150202.somatic.indel.tar.gz-md5sum_time": 2, 
                "d8995dfa-a780-4fe6-b3f8-fb464f51a1cf.svcp_1-0-4.20150202.somatic.indel.vcf.gz-download_time": 2, 
                "d8995dfa-a780-4fe6-b3f8-fb464f51a1cf.svcp_1-0-4.20150202.somatic.indel.vcf.gz-md5sum_time": 0, 
                "d8995dfa-a780-4fe6-b3f8-fb464f51a1cf.svcp_1-0-4.20150202.somatic.indel.vcf.gz.tbi-download_time": 1, 
                "d8995dfa-a780-4fe6-b3f8-fb464f51a1cf.svcp_1-0-4.20150202.somatic.indel.vcf.gz.tbi-md5sum_time": 0, 
                "d8995dfa-a780-4fe6-b3f8-fb464f51a1cf.svcp_1-0-4.20150202.somatic.snv_mnv.tar.gz-download_time": 2, 
                "d8995dfa-a780-4fe6-b3f8-fb464f51a1cf.svcp_1-0-4.20150202.somatic.snv_mnv.tar.gz-md5sum_time": 1, 
                "d8995dfa-a780-4fe6-b3f8-fb464f51a1cf.svcp_1-0-4.20150202.somatic.snv_mnv.vcf.gz-download_time": 1, 
                "d8995dfa-a780-4fe6-b3f8-fb464f51a1cf.svcp_1-0-4.20150202.somatic.snv_mnv.vcf.gz-md5sum_time": 0, 
                "d8995dfa-a780-4fe6-b3f8-fb464f51a1cf.svcp_1-0-4.20150202.somatic.snv_mnv.vcf.gz.tbi-download_time": 0, 
                "d8995dfa-a780-4fe6-b3f8-fb464f51a1cf.svcp_1-0-4.20150202.somatic.snv_mnv.vcf.gz.tbi-md5sum_time": 0, 
                "d8995dfa-a780-4fe6-b3f8-fb464f51a1cf.svcp_1-0-4.20150202.somatic.sv.tar.gz-download_time": 11, 
                "d8995dfa-a780-4fe6-b3f8-fb464f51a1cf.svcp_1-0-4.20150202.somatic.sv.tar.gz-md5sum_time": 3, 
                "d8995dfa-a780-4fe6-b3f8-fb464f51a1cf.svcp_1-0-4.20150202.somatic.sv.vcf.gz-download_time": 1, 
                "d8995dfa-a780-4fe6-b3f8-fb464f51a1cf.svcp_1-0-4.20150202.somatic.sv.vcf.gz-md5sum_time": 0, 
                "d8995dfa-a780-4fe6-b3f8-fb464f51a1cf.svcp_1-0-4.20150202.somatic.sv.vcf.gz.tbi-download_time": 0, 
                "d8995dfa-a780-4fe6-b3f8-fb464f51a1cf.svcp_1-0-4.20150202.somatic.sv.vcf.gz.tbi-md5sum_time": 0, 
                "d8995dfa-a780-4fe6-b3f8-fb464f51a1cf.svcp_1-0-4.20150202.somatic.verifyBamId.tar.gz-download_time": 1, 
                "d8995dfa-a780-4fe6-b3f8-fb464f51a1cf.svcp_1-0-4.20150202.somatic.verifyBamId.tar.gz-md5sum_time": 0, 
                "start": 1447252836, 
                "stop": 1447252879, 
                "time": 43
            }, 
            "uploading": {
                "start": 1447252910, 
                "stop": 1447252910, 
                "time": 0
            }
        }
    }, 
    "aliquot_id": null, 
    "available_repos": [
        {
            "https://gtrepo-dkfz.annailabs.com/": {
                "file_md5sum": "df36c9402b9857b16a7abee0d50b6bd2", 
                "file_size": 58534
            }
        }
    ], 
    "data_type": "Sanger-VCF", 
    "files": [
        {
            "file_md5sum": "5badd9a9a14a498739371714364d58e6", 
            "file_name": "d8995dfa-a780-4fe6-b3f8-fb464f51a1cf.svcp_1-0-4.20150202.somatic.snv_mnv.vcf.gz", 
            "file_size": 1026628, 
            "object_id": "2c90c56f-68a2-53e7-8c1a-87dd6e06961f"
        }, 
        {
            "file_md5sum": "1ed6f60828265e67b552011ed0bf85a3", 
            "file_name": "d8995dfa-a780-4fe6-b3f8-fb464f51a1cf.svcp_1-0-4.20150202.somatic.snv_mnv.vcf.gz.tbi", 
            "file_size": 201432, 
            "object_id": "553bbb21-3890-5c4b-90c7-6f0a9ba9dc2b"
        }, 
        {
            "file_md5sum": "655832c0d8abfe40a5be187fd2e3bc73", 
            "file_name": "d8995dfa-a780-4fe6-b3f8-fb464f51a1cf.svcp_1-0-4.20150202.somatic.cnv.vcf.gz", 
            "file_size": 2187, 
            "object_id": "2a559483-1906-5627-95e2-729fdfba6b23"
        }, 
        {
            "file_md5sum": "bb98fe5ade5293b37683c535cd7999cc", 
            "file_name": "d8995dfa-a780-4fe6-b3f8-fb464f51a1cf.svcp_1-0-4.20150202.somatic.cnv.vcf.gz.tbi", 
            "file_size": 4292, 
            "object_id": "d49098e9-e6cd-5872-b73c-af34bd94a18d"
        }, 
        {
            "file_md5sum": "4cca560637b7d128f258efaa25596ce1", 
            "file_name": "d8995dfa-a780-4fe6-b3f8-fb464f51a1cf.svcp_1-0-4.20150202.somatic.sv.vcf.gz", 
            "file_size": 7998, 
            "object_id": "f6cb02d5-9585-58c4-b110-2e7fc5f00167"
        }, 
        {
            "file_md5sum": "2bdfba6beca5adb6865126c7a2a8d103", 
            "file_name": "d8995dfa-a780-4fe6-b3f8-fb464f51a1cf.svcp_1-0-4.20150202.somatic.sv.vcf.gz.tbi", 
            "file_size": 1492, 
            "object_id": "87a92926-b966-5e82-b71d-b9bab294ec28"
        }, 
        {
            "file_md5sum": "a0bdbcbc9291955b809e6aa61e50d4d7", 
            "file_name": "d8995dfa-a780-4fe6-b3f8-fb464f51a1cf.svcp_1-0-4.20150202.somatic.indel.vcf.gz", 
            "file_size": 45433191, 
            "object_id": "78d15d85-9065-536b-bab4-d1dcf4d82351"
        }, 
        {
            "file_md5sum": "089f477af2c397b2074beca05b1561b8", 
            "file_name": "d8995dfa-a780-4fe6-b3f8-fb464f51a1cf.svcp_1-0-4.20150202.somatic.indel.vcf.gz.tbi", 
            "file_size": 1384022, 
            "object_id": "26581e2e-3282-57df-922c-de45bb6a5bda"
        }, 
        {
            "file_md5sum": "b96f554dcee3c1236f09053b77011b81", 
            "file_name": "d8995dfa-a780-4fe6-b3f8-fb464f51a1cf.svcp_1-0-4.20150202.somatic.snv_mnv.tar.gz", 
            "file_size": 155356294, 
            "object_id": "934d5e99-7481-5381-bdb6-077a323a1a7e"
        }, 
        {
            "file_md5sum": "672e15abf0596920f7a56afdc2410239", 
            "file_name": "d8995dfa-a780-4fe6-b3f8-fb464f51a1cf.svcp_1-0-4.20150202.somatic.cnv.tar.gz", 
            "file_size": 26726208, 
            "object_id": "29e9ee37-8bc8-52d9-9100-c6d36f96e071"
        }, 
        {
            "file_md5sum": "16df1ed693b292212e8d73f1d7a6286c",