{
    "_runs_": {
        "run_1446733710_473bc1ba-30c1-4513-85ee-ac3d5bf06428": {
            "downloading": {
                "gnos-download_time": 405, 
                "start": 1446736134, 
                "stop": 1446736540, 
                "time": 406
            }, 
            "uploading": {
                "start": 1446736544, 
                "stop": 1446736983, 
                "time": 439, 
                "upload_time": 439
            }
        }, 
        "run_1447252769_ca0a5a49-f869-451e-9d61-26646f12a6a3": {
            "downloading": {
                "08932822-3786-4c0a-992f-fb4fda2cfd14.xml-download_time": 1, 
                "08932822-3786-4c0a-992f-fb4fda2cfd14.xml-md5sum_time": 0, 
                "4a698352-25e6-4137-bef8-b6520d5b1b95.svcp_1-0-4.20150207.somatic.binnedReadCounts.tar.gz-download_time": 2, 
                "4a698352-25e6-4137-bef8-b6520d5b1b95.svcp_1-0-4.20150207.somatic.binnedReadCounts.tar.gz-md5sum_time": 0, 
                "4a698352-25e6-4137-bef8-b6520d5b1b95.svcp_1-0-4.20150207.somatic.cnv.tar.gz-download_time": 1, 
                "4a698352-25e6-4137-bef8-b6520d5b1b95.svcp_1-0-4.20150207.somatic.cnv.tar.gz-md5sum_time": 0, 
                "4a698352-25e6-4137-bef8-b6520d5b1b95.svcp_1-0-4.20150207.somatic.cnv.vcf.gz-download_time": 0, 
                "4a698352-25e6-4137-bef8-b6520d5b1b95.svcp_1-0-4.20150207.somatic.cnv.vcf.gz-md5sum_time": 0, 
                "4a698352-25e6-4137-bef8-b6520d5b1b95.svcp_1-0-4.20150207.somatic.cnv.vcf.gz.tbi-download_time": 1, 
                "4a698352-25e6-4137-bef8-b6520d5b1b95.svcp_1-0-4.20150207.somatic.cnv.vcf.gz.tbi-md5sum_time": 0, 
                "4a698352-25e6-4137-bef8-b6520d5b1b95.svcp_1-0-4.20150207.somatic.genotype.tar.gz-download_time": 1, 
                "4a698352-25e6-4137-bef8-b6520d5b1b95.svcp_1-0-4.20150207.somatic.genotype.tar.gz-md5sum_time": 0, 
                "4a698352-25e6-4137-bef8-b6520d5b1b95.svcp_1-0-4.20150207.somatic.imputeCounts.tar.gz-download_time": 7, 
                "4a698352-25e6-4137-bef8-b6520d5b1b95.svcp_1-0-4.20150207.somatic.imputeCounts.tar.gz-md5sum_time": 1, 
                "4a698352-25e6-4137-bef8-b6520d5b1b95.svcp_1-0-4.20150207.somatic.indel.tar.gz-download_time": 12, 
                "4a698352-25e6-4137-bef8-b6520d5b1b95.svcp_1-0-4.20150207.somatic.indel.tar.gz-md5sum_time": 2, 
                "4a698352-25e6-4137-bef8-b6520d5b1b95.svcp_1-0-4.20150207.somatic.indel.vcf.gz-download_time": 2, 
                "4a698352-25e6-4137-bef8-b6520d5b1b95.svcp_1-0-4.20150207.somatic.indel.vcf.gz-md5sum_time": 0, 
                "4a698352-25e6-4137-bef8-b6520d5b1b95.svcp_1-0-4.20150207.somatic.indel.vcf.gz.tbi-download_time": 0, 
                "4a698352-25e6-4137-bef8-b6520d5b1b95.svcp_1-0-4.20150207.somatic.indel.vcf.gz.tbi-md5sum_time": 0, 
                "4a698352-25e6-4137-bef8-b6520d5b1b95.svcp_1-0-4.20150207.somatic.snv_mnv.tar.gz-download_time": 4, 
                "4a698352-25e6-4137-bef8-b6520d5b1b95.svcp_1-0-4.20150207.somatic.snv_mnv.tar.gz-md5sum_time": 0, 
                "4a698352-25e6-4137-bef8-b6520d5b1b95.svcp_1-0-4.20150207.somatic.snv_mnv.vcf.gz-download_time": 1, 
                "4a698352-25e6-4137-bef8-b6520d5b1b95.svcp_1-0-4.20150207.somatic.snv_mnv.vcf.gz-md5sum_time": 0, 
                "4a698352-25e6-4137-bef8-b6520d5b1b95.svcp_1-0-4.20150207.somatic.snv_mnv.vcf.gz.tbi-download_time": 1, 
                "4a698352-25e6-4137-bef8-b6520d5b1b95.svcp_1-0-4.20150207.somatic.snv_mnv.vcf.gz.tbi-md5sum_time": 0, 
                "4a698352-25e6-4137-bef8-b6520d5b1b95.svcp_1-0-4.20150207.somatic.sv.tar.gz-download_time": 49, 
                "4a698352-25e6-4137-bef8-b6520d5b1b95.svcp_1-0-4.20150207.somatic.sv.tar.gz-md5sum_time": 10, 
                "4a698352-25e6-4137-bef8-b6520d5b1b95.svcp_1-0-4.20150207.somatic.sv.vcf.gz-download_time": 0, 
                "4a698352-25e6-4137-bef8-b6520d5b1b95.svcp_1-0-4.20150207.somatic.sv.vcf.gz-md5sum_time": 0, 
                "4a698352-25e6-4137-bef8-b6520d5b1b95.svcp_1-0-4.20150207.somatic.sv.vcf.gz.tbi-download_time": 1, 
                "4a698352-25e6-4137-bef8-b6520d5b1b95.svcp_1-0-4.20150207.somatic.sv.vcf.gz.tbi-md5sum_time": 0, 
                "4a698352-25e6-4137-bef8-b6520d5b1b95.svcp_1-0-4.20150207.somatic.verifyBamId.tar.gz-download_time": 0, 
                "4a698352-25e6-4137-bef8-b6520d5b1b95.svcp_1-0-4.20150207.somatic.verifyBamId.tar.gz-md5sum_time": 0, 
                "start": 1447252929, 
                "stop": 1447253025, 
                "time": 96
            }, 
            "uploading": {
                "start": 1447253045, 
                "stop": 1447253045, 
                "time": 0
            }
        }
    }, 
    "aliquot_id": null, 
    "available_repos": [
        {
            "https://gtrepo-dkfz.annailabs.com/": {
                "file_md5sum": "dc8d0cc4a24aa09bd7647d46de3045a7", 
                "file_size": 58653
            }
        }
    ], 
    "data_type": "Sanger-VCF", 
    "files": [
        {
            "file_md5sum": "eceece91dcf98470db8f481751e9fb58", 
            "file_name": "4a698352-25e6-4137-bef8-b6520d5b1b95.svcp_1-0-4.20150207.somatic.snv_mnv.vcf.gz", 
            "file_size": 1951719, 
            "object_id": "e34892b9-d3de-5d1a-b95e-196ee62d67f6"
        }, 
        {
            "file_md5sum": "96f991d4c4810ee000b2b5b99536048f", 
            "file_name": "4a698352-25e6-4137-bef8-b6520d5b1b95.svcp_1-0-4.20150207.somatic.snv_mnv.vcf.gz.tbi", 
            "file_size": 289281, 
            "object_id": "26a4573a-2c4d-5443-a6c6-b6ca4a3b43d2"
        }, 
        {
            "file_md5sum": "bcd5998e478064fe54c0fe1ffcd78df9", 
            "file_name": "4a698352-25e6-4137-bef8-b6520d5b1b95.svcp_1-0-4.20150207.somatic.cnv.vcf.gz", 
            "file_size": 2294, 
            "object_id": "78b3c6a1-c66d-5244-ba86-cf3bb50af5dd"
        }, 
        {
            "file_md5sum": "e158bdf52998dac04085e9359b0ee372", 
            "file_name": "4a698352-25e6-4137-bef8-b6520d5b1b95.svcp_1-0-4.20150207.somatic.cnv.vcf.gz.tbi", 
            "file_size": 4416, 
            "object_id": "ac9b1701-4b9d-520b-9908-65579df0d374"
        }, 
        {
            "file_md5sum": "30f81aacc3a39bde00f06415e66be51e", 
            "file_name": "4a698352-25e6-4137-bef8-b6520d5b1b95.svcp_1-0-4.20150207.somatic.sv.vcf.gz", 
            "file_size": 6942, 
            "object_id": "2bc106a7-23bf-5b87-9fc9-137847d51499"
        }, 
        {
            "file_md5sum": "409f0477f66be447dd970d2e3339680f", 
            "file_name": "4a698352-25e6-4137-bef8-b6520d5b1b95.svcp_1-0-4.20150207.somatic.sv.vcf.gz.tbi", 
            "file_size": 835, 
            "object_id": "853596b7-47c2-5a8e-98a7-a04b4f81b9ff"
        }, 
        {
            "file_md5sum": "df2c3e3553d361670b85d853119d836e", 
            "file_name": "4a698352-25e6-4137-bef8-b6520d5b1b95.svcp_1-0-4.20150207.somatic.indel.vcf.gz", 
            "file_size": 52420055, 
            "object_id": "a0e3df29-78e7-53af-ac73-9fe2cd6046ef"
        }, 
        {
            "file_md5sum": "9e3160862eb6f03525814e07782068ee", 
            "file_name": "4a698352-25e6-4137-bef8-b6520d5b1b95.svcp_1-0-4.20150207.somatic.indel.vcf.gz.tbi", 
            "file_size": 1510152, 
            "object_id": "7dde8cff-be69-5223-8e73-59ca354ff5e7"
        }, 
        {
            "file_md5sum": "9522cbfd0eb1c63d84933678b6c24e44", 
            "file_name": "4a698352-25e6-4137-bef8-b6520d5b1b95.svcp_1-0-4.20150207.somatic.snv_mnv.tar.gz", 
            "file_size": 159466142, 
            "object_id": "2b84e8ec-4817-5d82-b35d-afe9d317502f"
        }, 
        {
            "file_md5sum": "7a67b1c4bebe12b7ac24766da5f68ac2", 
            "file_name": "4a698352-25e6-4137-bef8-b6520d5b1b95.svcp_1-0-4.20150207.somatic.cnv.tar.gz", 
            "file_size": 26899411, 
            "object_id": "68c784aa-f155-52f3-b367-1d934dfec93a"
        }, 
        {
            "file_md5sum": "d873150ec78a80058c237e1cdd349106",