{
    "_runs_": {
        "run_1446733710_473bc1ba-30c1-4513-85ee-ac3d5bf06428": {
            "downloading": {
                "gnos-download_time": 127, 
                "start": 1446736989, 
                "stop": 1446737117, 
                "time": 128
            }, 
            "uploading": {
                "start": 1446737121, 
                "stop": 1446737344, 
                "time": 223, 
                "upload_time": 223
            }
        }, 
        "run_1447252791_bd1319e3-0260-422c-a9a0-8a4881cee67b": {
            "downloading": {
                "0bb1e301-f521-4429-8b15-211071d77716.xml-download_time": 0, 
                "0bb1e301-f521-4429-8b15-211071d77716.xml-md5sum_time": 0, 
                "906f6f1e-569d-4ce2-9273-1f305782f77f.svcp_1-0-3.20150108.somatic.binnedReadCounts.tar.gz-download_time": 1, 
                "906f6f1e-569d-4ce2-9273-1f305782f77f.svcp_1-0-3.20150108.somatic.binnedReadCounts.tar.gz-md5sum_time": 1, 
                "906f6f1e-569d-4ce2-9273-1f305782f77f.svcp_1-0-3.20150108.somatic.cnv.tar.gz-download_time": 1, 
                "906f6f1e-569d-4ce2-9273-1f305782f77f.svcp_1-0-3.20150108.somatic.cnv.tar.gz-md5sum_time": 0, 
                "906f6f1e-569d-4ce2-9273-1f305782f77f.svcp_1-0-3.20150108.somatic.cnv.vcf.gz-download_time": 1, 
                "906f6f1e-569d-4ce2-9273-1f305782f77f.svcp_1-0-3.20150108.somatic.cnv.vcf.gz-md5sum_time": 0, 
                "906f6f1e-569d-4ce2-9273-1f305782f77f.svcp_1-0-3.20150108.somatic.cnv.vcf.gz.tbi-download_time": 0, 
                "906f6f1e-569d-4ce2-9273-1f305782f77f.svcp_1-0-3.20150108.somatic.cnv.vcf.gz.tbi-md5sum_time": 0, 
                "906f6f1e-569d-4ce2-9273-1f305782f77f.svcp_1-0-3.20150108.somatic.genotype.tar.gz-download_time": 0, 
                "906f6f1e-569d-4ce2-9273-1f305782f77f.svcp_1-0-3.20150108.somatic.genotype.tar.gz-md5sum_time": 0, 
                "906f6f1e-569d-4ce2-9273-1f305782f77f.svcp_1-0-3.20150108.somatic.imputeCounts.tar.gz-download_time": 4, 
                "906f6f1e-569d-4ce2-9273-1f305782f77f.svcp_1-0-3.20150108.somatic.imputeCounts.tar.gz-md5sum_time": 1, 
                "906f6f1e-569d-4ce2-9273-1f305782f77f.svcp_1-0-3.20150108.somatic.indel.tar.gz-download_time": 23, 
                "906f6f1e-569d-4ce2-9273-1f305782f77f.svcp_1-0-3.20150108.somatic.indel.tar.gz-md5sum_time": 1, 
                "906f6f1e-569d-4ce2-9273-1f305782f77f.svcp_1-0-3.20150108.somatic.indel.vcf.gz-download_time": 2, 
                "906f6f1e-569d-4ce2-9273-1f305782f77f.svcp_1-0-3.20150108.somatic.indel.vcf.gz-md5sum_time": 0, 
                "906f6f1e-569d-4ce2-9273-1f305782f77f.svcp_1-0-3.20150108.somatic.indel.vcf.gz.tbi-download_time": 0, 
                "906f6f1e-569d-4ce2-9273-1f305782f77f.svcp_1-0-3.20150108.somatic.indel.vcf.gz.tbi-md5sum_time": 0, 
                "906f6f1e-569d-4ce2-9273-1f305782f77f.svcp_1-0-3.20150108.somatic.snv_mnv.tar.gz-download_time": 2, 
                "906f6f1e-569d-4ce2-9273-1f305782f77f.svcp_1-0-3.20150108.somatic.snv_mnv.tar.gz-md5sum_time": 1, 
                "906f6f1e-569d-4ce2-9273-1f305782f77f.svcp_1-0-3.20150108.somatic.snv_mnv.vcf.gz-download_time": 1, 
                "906f6f1e-569d-4ce2-9273-1f305782f77f.svcp_1-0-3.20150108.somatic.snv_mnv.vcf.gz-md5sum_time": 0, 
                "906f6f1e-569d-4ce2-9273-1f305782f77f.svcp_1-0-3.20150108.somatic.snv_mnv.vcf.gz.tbi-download_time": 0, 
                "906f6f1e-569d-4ce2-9273-1f305782f77f.svcp_1-0-3.20150108.somatic.snv_mnv.vcf.gz.tbi-md5sum_time": 0, 
                "906f6f1e-569d-4ce2-9273-1f305782f77f.svcp_1-0-3.20150108.somatic.sv.tar.gz-download_time": 24, 
                "906f6f1e-569d-4ce2-9273-1f305782f77f.svcp_1-0-3.20150108.somatic.sv.tar.gz-md5sum_time": 6, 
                "906f6f1e-569d-4ce2-9273-1f305782f77f.svcp_1-0-3.20150108.somatic.sv.vcf.gz-download_time": 1, 
                "906f6f1e-569d-4ce2-9273-1f305782f77f.svcp_1-0-3.20150108.somatic.sv.vcf.gz-md5sum_time": 0, 
                "906f6f1e-569d-4ce2-9273-1f305782f77f.svcp_1-0-3.20150108.somatic.sv.vcf.gz.tbi-download_time": 0, 
                "906f6f1e-569d-4ce2-9273-1f305782f77f.svcp_1-0-3.20150108.somatic.sv.vcf.gz.tbi-md5sum_time": 0, 
                "906f6f1e-569d-4ce2-9273-1f305782f77f.svcp_1-0-3.20150108.somatic.verifyBamId.tar.gz-download_time": 1, 
                "906f6f1e-569d-4ce2-9273-1f305782f77f.svcp_1-0-3.20150108.somatic.verifyBamId.tar.gz-md5sum_time": 0, 
                "start": 1447253168, 
                "stop": 1447253239, 
                "time": 71
            }
        }
    }, 
    "aliquot_id": null, 
    "available_repos": [
        {
            "https://gtrepo-ebi.annailabs.com/": {
                "file_md5sum": "e68c1637e0f8e4547360aa6a73f40dba", 
                "file_size": 60188
            }
        }
    ], 
    "data_type": "Sanger-VCF", 
    "files": [
        {
            "file_md5sum": "e818737b78f66772cd372b28d0a98ea0", 
            "file_name": "906f6f1e-569d-4ce2-9273-1f305782f77f.svcp_1-0-3.20150108.somatic.snv_mnv.vcf.gz", 
            "file_size": 1836082, 
            "object_id": "18d10c2c-c911-5318-b407-dcb9eb12298f"
        }, 
        {
            "file_md5sum": "fa523784d1c519c1ed500c5c6fc5b7cf", 
            "file_name": "906f6f1e-569d-4ce2-9273-1f305782f77f.svcp_1-0-3.20150108.somatic.snv_mnv.vcf.gz.tbi", 
            "file_size": 279134, 
            "object_id": "b70c3ed0-5453-5286-bb14-cf1ddc924e10"
        }, 
        {
            "file_md5sum": "b5c3a00b548011563146eb7ddda731f8", 
            "file_name": "906f6f1e-569d-4ce2-9273-1f305782f77f.svcp_1-0-3.20150108.somatic.cnv.vcf.gz", 
            "file_size": 2326, 
            "object_id": "0b80aa1c-4eaa-50e2-a5ae-2edae9122719"
        }, 
        {
            "file_md5sum": "76927dd27a69d3534dfdf3def61171db", 
            "file_name": "906f6f1e-569d-4ce2-9273-1f305782f77f.svcp_1-0-3.20150108.somatic.cnv.vcf.gz.tbi", 
            "file_size": 4410, 
            "object_id": "6ed3f792-7d90-59b4-bffd-a75cc4022f2d"
        }, 
        {
            "file_md5sum": "8c0c2c63130ecd13c3e617b3056e8f73", 
            "file_name": "906f6f1e-569d-4ce2-9273-1f305782f77f.svcp_1-0-3.20150108.somatic.sv.vcf.gz", 
            "file_size": 4761, 
            "object_id": "ae6324f3-13dc-5c77-a277-dd0ab4ba3171"
        }, 
        {
            "file_md5sum": "773695237e383713cfa879a5202a301b", 
            "file_name": "906f6f1e-569d-4ce2-9273-1f305782f77f.svcp_1-0-3.20150108.somatic.sv.vcf.gz.tbi", 
            "file_size": 1668, 
            "object_id": "13f579b8-35a8-546d-920e-c0bbaaa3083b"
        }, 
        {
            "file_md5sum": "8ca10b95fa6143e5a06767dfd7e71838", 
            "file_name": "906f6f1e-569d-4ce2-9273-1f305782f77f.svcp_1-0-3.20150108.somatic.indel.vcf.gz", 
            "file_size": 49861853, 
            "object_id": "767ee860-1531-522b-a135-0260d1d4edd4"
        }, 
        {
            "file_md5sum": "f2b1357c5b5520f66ca13a7625919eae", 
            "file_name": "906f6f1e-569d-4ce2-9273-1f305782f77f.svcp_1-0-3.20150108.somatic.indel.vcf.gz.tbi", 
            "file_size": 1491321, 
            "object_id": "59a25c4c-adbb-54d3-ae52-aca0d7730f76"
        }, 
        {
            "file_md5sum": "a4c9d28fe1d30bebc7037bd46ece8410", 
            "file_name": "906f6f1e-569d-4ce2-9273-1f305782f77f.svcp_1-0-3.20150108.somatic.snv_mnv.tar.gz", 
            "file_size": 160850834, 
            "object_id": "e6ee07c2-a3d5-543a-975b-377a1d876d29"
        }, 
        {
            "file_md5sum": "7b7ed49758f5a9910d058dc612ed4286", 
            "file_name": "906f6f1e-569d-4ce2-9273-1f305782f77f.svcp_1-0-3.20150108.somatic.cnv.tar.gz", 
            "file_size": 27101303, 
            "object_id": "962c4d1f-2dd5-523e-8445-b87cfd768ea5"
        }, 
        {
            "file_md5sum": "10844fb799f75cbe50ddc44b93c3eb4b", 
            "file_name": "906f6f1e-569d-4ce2-9273-1f305782f77f.svcp_1-0-3.20150108.somatic.sv.tar.gz", 
            "file_size": 2611515052,