{
    "_runs_": {
        "run_1446733761_aca83eae-8fe1-4a9e-9071-e5c89bf651be": {
            "downloading": {
                "gnos-download_time": 113, 
                "start": 1446737018, 
                "stop": 1446737132, 
                "time": 114
            }, 
            "uploading": {
                "start": 1446737135, 
                "stop": 1446737353, 
                "time": 218, 
                "upload_time": 218
            }
        }, 
        "run_1447252783_2a7a16b1-3a19-459a-8acd-cdd5e7a81bb6": {
            "downloading": {
                "0e763d02-3be1-49f4-a0e8-5b16e4e0889a.xml-download_time": 1, 
                "0e763d02-3be1-49f4-a0e8-5b16e4e0889a.xml-md5sum_time": 0, 
                "d00625b4-6e0e-4d96-8e4c-8f1ddcc7aded.svcp_1-0-5.20150225.somatic.binnedReadCounts.tar.gz-download_time": 2, 
                "d00625b4-6e0e-4d96-8e4c-8f1ddcc7aded.svcp_1-0-5.20150225.somatic.binnedReadCounts.tar.gz-md5sum_time": 0, 
                "d00625b4-6e0e-4d96-8e4c-8f1ddcc7aded.svcp_1-0-5.20150225.somatic.cnv.tar.gz-download_time": 1, 
                "d00625b4-6e0e-4d96-8e4c-8f1ddcc7aded.svcp_1-0-5.20150225.somatic.cnv.tar.gz-md5sum_time": 0, 
                "d00625b4-6e0e-4d96-8e4c-8f1ddcc7aded.svcp_1-0-5.20150225.somatic.cnv.vcf.gz-download_time": 1, 
                "d00625b4-6e0e-4d96-8e4c-8f1ddcc7aded.svcp_1-0-5.20150225.somatic.cnv.vcf.gz-md5sum_time": 0, 
                "d00625b4-6e0e-4d96-8e4c-8f1ddcc7aded.svcp_1-0-5.20150225.somatic.cnv.vcf.gz.tbi-download_time": 0, 
                "d00625b4-6e0e-4d96-8e4c-8f1ddcc7aded.svcp_1-0-5.20150225.somatic.cnv.vcf.gz.tbi-md5sum_time": 0, 
                "d00625b4-6e0e-4d96-8e4c-8f1ddcc7aded.svcp_1-0-5.20150225.somatic.genotype.tar.gz-download_time": 1, 
                "d00625b4-6e0e-4d96-8e4c-8f1ddcc7aded.svcp_1-0-5.20150225.somatic.genotype.tar.gz-md5sum_time": 0, 
                "d00625b4-6e0e-4d96-8e4c-8f1ddcc7aded.svcp_1-0-5.20150225.somatic.imputeCounts.tar.gz-download_time": 5, 
                "d00625b4-6e0e-4d96-8e4c-8f1ddcc7aded.svcp_1-0-5.20150225.somatic.imputeCounts.tar.gz-md5sum_time": 1, 
                "d00625b4-6e0e-4d96-8e4c-8f1ddcc7aded.svcp_1-0-5.20150225.somatic.indel.tar.gz-download_time": 11, 
                "d00625b4-6e0e-4d96-8e4c-8f1ddcc7aded.svcp_1-0-5.20150225.somatic.indel.tar.gz-md5sum_time": 2, 
                "d00625b4-6e0e-4d96-8e4c-8f1ddcc7aded.svcp_1-0-5.20150225.somatic.indel.vcf.gz-download_time": 1, 
                "d00625b4-6e0e-4d96-8e4c-8f1ddcc7aded.svcp_1-0-5.20150225.somatic.indel.vcf.gz-md5sum_time": 0, 
                "d00625b4-6e0e-4d96-8e4c-8f1ddcc7aded.svcp_1-0-5.20150225.somatic.indel.vcf.gz.tbi-download_time": 0, 
                "d00625b4-6e0e-4d96-8e4c-8f1ddcc7aded.svcp_1-0-5.20150225.somatic.indel.vcf.gz.tbi-md5sum_time": 0, 
                "d00625b4-6e0e-4d96-8e4c-8f1ddcc7aded.svcp_1-0-5.20150225.somatic.snv_mnv.tar.gz-download_time": 3, 
                "d00625b4-6e0e-4d96-8e4c-8f1ddcc7aded.svcp_1-0-5.20150225.somatic.snv_mnv.tar.gz-md5sum_time": 0, 
                "d00625b4-6e0e-4d96-8e4c-8f1ddcc7aded.svcp_1-0-5.20150225.somatic.snv_mnv.vcf.gz-download_time": 1, 
                "d00625b4-6e0e-4d96-8e4c-8f1ddcc7aded.svcp_1-0-5.20150225.somatic.snv_mnv.vcf.gz-md5sum_time": 0, 
                "d00625b4-6e0e-4d96-8e4c-8f1ddcc7aded.svcp_1-0-5.20150225.somatic.snv_mnv.vcf.gz.tbi-download_time": 0, 
                "d00625b4-6e0e-4d96-8e4c-8f1ddcc7aded.svcp_1-0-5.20150225.somatic.snv_mnv.vcf.gz.tbi-md5sum_time": 0, 
                "d00625b4-6e0e-4d96-8e4c-8f1ddcc7aded.svcp_1-0-5.20150225.somatic.sv.tar.gz-download_time": 22, 
                "d00625b4-6e0e-4d96-8e4c-8f1ddcc7aded.svcp_1-0-5.20150225.somatic.sv.tar.gz-md5sum_time": 4, 
                "d00625b4-6e0e-4d96-8e4c-8f1ddcc7aded.svcp_1-0-5.20150225.somatic.sv.vcf.gz-download_time": 1, 
                "d00625b4-6e0e-4d96-8e4c-8f1ddcc7aded.svcp_1-0-5.20150225.somatic.sv.vcf.gz-md5sum_time": 0, 
                "d00625b4-6e0e-4d96-8e4c-8f1ddcc7aded.svcp_1-0-5.20150225.somatic.sv.vcf.gz.tbi-download_time": 0, 
                "d00625b4-6e0e-4d96-8e4c-8f1ddcc7aded.svcp_1-0-5.20150225.somatic.sv.vcf.gz.tbi-md5sum_time": 1, 
                "d00625b4-6e0e-4d96-8e4c-8f1ddcc7aded.svcp_1-0-5.20150225.somatic.verifyBamId.tar.gz-download_time": 0, 
                "d00625b4-6e0e-4d96-8e4c-8f1ddcc7aded.svcp_1-0-5.20150225.somatic.verifyBamId.tar.gz-md5sum_time": 0, 
                "start": 1447253328, 
                "stop": 1447253386, 
                "time": 58
            }, 
            "uploading": {
                "start": 1447253403, 
                "stop": 1447253403, 
                "time": 0
            }
        }
    }, 
    "aliquot_id": null, 
    "available_repos": [
        {
            "https://gtrepo-dkfz.annailabs.com/": {
                "file_md5sum": "798661c08071e528dca5213d8f45c43c", 
                "file_size": 61426
            }
        }
    ], 
    "data_type": "Sanger-VCF", 
    "files": [
        {
            "file_md5sum": "11433304ca66e67a5957b4f41791f183", 
            "file_name": "d00625b4-6e0e-4d96-8e4c-8f1ddcc7aded.svcp_1-0-5.20150225.somatic.snv_mnv.vcf.gz", 
            "file_size": 3074043, 
            "object_id": "b6576a7e-dfdb-5a84-965f-0bd772ca3ea0"
        }, 
        {
            "file_md5sum": "d08e0addf56065961ef4fa716d163615", 
            "file_name": "d00625b4-6e0e-4d96-8e4c-8f1ddcc7aded.svcp_1-0-5.20150225.somatic.snv_mnv.vcf.gz.tbi", 
            "file_size": 406658, 
            "object_id": "fd892781-b88e-5351-91a6-1371d5283884"
        }, 
        {
            "file_md5sum": "72fd81d69f786b069c93e311f6d69623", 
            "file_name": "d00625b4-6e0e-4d96-8e4c-8f1ddcc7aded.svcp_1-0-5.20150225.somatic.cnv.vcf.gz", 
            "file_size": 2005, 
            "object_id": "fa708949-7c5a-5b7e-bdc6-1cfcc7359b83"
        }, 
        {
            "file_md5sum": "b9c76cab5475a552c57786f8c5b3e7d0", 
            "file_name": "d00625b4-6e0e-4d96-8e4c-8f1ddcc7aded.svcp_1-0-5.20150225.somatic.cnv.vcf.gz.tbi", 
            "file_size": 4161, 
            "object_id": "463bd1de-9052-5683-939c-ac0e55c68193"
        }, 
        {
            "file_md5sum": "931ab0979f34ab59b4df17fdfc5d77a7", 
            "file_name": "d00625b4-6e0e-4d96-8e4c-8f1ddcc7aded.svcp_1-0-5.20150225.somatic.sv.vcf.gz", 
            "file_size": 3892, 
            "object_id": "ed6dcea0-7db8-5978-a2ba-fbd285cba042"
        }, 
        {
            "file_md5sum": "bb750ea5a30f1c665e27c91fe7caa5a6", 
            "file_name": "d00625b4-6e0e-4d96-8e4c-8f1ddcc7aded.svcp_1-0-5.20150225.somatic.sv.vcf.gz.tbi", 
            "file_size": 713, 
            "object_id": "13cc767d-d148-56ba-b14c-751a3ab0cdfa"
        }, 
        {
            "file_md5sum": "29ca18839e2476c26649ad79ad3d7738", 
            "file_name": "d00625b4-6e0e-4d96-8e4c-8f1ddcc7aded.svcp_1-0-5.20150225.somatic.indel.vcf.gz", 
            "file_size": 57219108, 
            "object_id": "860ec92b-aea4-5b1a-94f1-e8cc118c5b47"
        }, 
        {
            "file_md5sum": "3e40c11cfdb5085c7b7ad44e500d0242", 
            "file_name": "d00625b4-6e0e-4d96-8e4c-8f1ddcc7aded.svcp_1-0-5.20150225.somatic.indel.vcf.gz.tbi", 
            "file_size": 1525728, 
            "object_id": "99337350-f0e8-5d3d-a01e-45d787904d3f"
        }, 
        {
            "file_md5sum": "1e4a9b95c5b782a13a698ac174a88041", 
            "file_name": "d00625b4-6e0e-4d96-8e4c-8f1ddcc7aded.svcp_1-0-5.20150225.somatic.snv_mnv.tar.gz", 
            "file_size": 165446728, 
            "object_id": "d93dc85f-0ff9-5635-9311-249c39a3bcd4"
        }, 
        {
            "file_md5sum": "d5ceb85cb23296aad8061572887c3c1c", 
            "file_name": "d00625b4-6e0e-4d96-8e4c-8f1ddcc7aded.svcp_1-0-5.20150225.somatic.cnv.tar.gz", 
            "file_size": 26955610, 
            "object_id": "a0c67c10-e6d4-5e9f-99aa-d11f1f91f860"
        }, 
        {
            "file_md5sum": "f07239bbce0084c7026fce4968766e8e",