{
    "_runs_": {
        "run_1446733710_473bc1ba-30c1-4513-85ee-ac3d5bf06428": {
            "downloading": {
                "gnos-download_time": 194, 
                "start": 1446737365, 
                "stop": 1446737560, 
                "time": 195
            }, 
            "uploading": {
                "start": 1446737563, 
                "stop": 1446737874, 
                "time": 311, 
                "upload_time": 311
            }
        }, 
        "run_1447252756_81ea9ce3-7604-434f-b969-201a8059fe79": {
            "downloading": {
                "1148e6a9-3222-420a-b9f2-537f5b5117c9.xml-download_time": 0, 
                "1148e6a9-3222-420a-b9f2-537f5b5117c9.xml-md5sum_time": 0, 
                "e98e4e23-a139-4fff-b017-35f3f976eddd.svcp_1-0-5.20150225.somatic.binnedReadCounts.tar.gz-download_time": 21, 
                "e98e4e23-a139-4fff-b017-35f3f976eddd.svcp_1-0-5.20150225.somatic.binnedReadCounts.tar.gz-md5sum_time": 0, 
                "e98e4e23-a139-4fff-b017-35f3f976eddd.svcp_1-0-5.20150225.somatic.cnv.tar.gz-download_time": 1, 
                "e98e4e23-a139-4fff-b017-35f3f976eddd.svcp_1-0-5.20150225.somatic.cnv.tar.gz-md5sum_time": 0, 
                "e98e4e23-a139-4fff-b017-35f3f976eddd.svcp_1-0-5.20150225.somatic.cnv.vcf.gz-download_time": 1, 
                "e98e4e23-a139-4fff-b017-35f3f976eddd.svcp_1-0-5.20150225.somatic.cnv.vcf.gz-md5sum_time": 0, 
                "e98e4e23-a139-4fff-b017-35f3f976eddd.svcp_1-0-5.20150225.somatic.cnv.vcf.gz.tbi-download_time": 0, 
                "e98e4e23-a139-4fff-b017-35f3f976eddd.svcp_1-0-5.20150225.somatic.cnv.vcf.gz.tbi-md5sum_time": 0, 
                "e98e4e23-a139-4fff-b017-35f3f976eddd.svcp_1-0-5.20150225.somatic.genotype.tar.gz-download_time": 1, 
                "e98e4e23-a139-4fff-b017-35f3f976eddd.svcp_1-0-5.20150225.somatic.genotype.tar.gz-md5sum_time": 0, 
                "e98e4e23-a139-4fff-b017-35f3f976eddd.svcp_1-0-5.20150225.somatic.imputeCounts.tar.gz-download_time": 4, 
                "e98e4e23-a139-4fff-b017-35f3f976eddd.svcp_1-0-5.20150225.somatic.imputeCounts.tar.gz-md5sum_time": 1, 
                "e98e4e23-a139-4fff-b017-35f3f976eddd.svcp_1-0-5.20150225.somatic.indel.tar.gz-download_time": 6, 
                "e98e4e23-a139-4fff-b017-35f3f976eddd.svcp_1-0-5.20150225.somatic.indel.tar.gz-md5sum_time": 1, 
                "e98e4e23-a139-4fff-b017-35f3f976eddd.svcp_1-0-5.20150225.somatic.indel.vcf.gz-download_time": 2, 
                "e98e4e23-a139-4fff-b017-35f3f976eddd.svcp_1-0-5.20150225.somatic.indel.vcf.gz-md5sum_time": 0, 
                "e98e4e23-a139-4fff-b017-35f3f976eddd.svcp_1-0-5.20150225.somatic.indel.vcf.gz.tbi-download_time": 0, 
                "e98e4e23-a139-4fff-b017-35f3f976eddd.svcp_1-0-5.20150225.somatic.indel.vcf.gz.tbi-md5sum_time": 0, 
                "e98e4e23-a139-4fff-b017-35f3f976eddd.svcp_1-0-5.20150225.somatic.snv_mnv.tar.gz-download_time": 2, 
                "e98e4e23-a139-4fff-b017-35f3f976eddd.svcp_1-0-5.20150225.somatic.snv_mnv.tar.gz-md5sum_time": 0, 
                "e98e4e23-a139-4fff-b017-35f3f976eddd.svcp_1-0-5.20150225.somatic.snv_mnv.vcf.gz-download_time": 1, 
                "e98e4e23-a139-4fff-b017-35f3f976eddd.svcp_1-0-5.20150225.somatic.snv_mnv.vcf.gz-md5sum_time": 0, 
                "e98e4e23-a139-4fff-b017-35f3f976eddd.svcp_1-0-5.20150225.somatic.snv_mnv.vcf.gz.tbi-download_time": 0, 
                "e98e4e23-a139-4fff-b017-35f3f976eddd.svcp_1-0-5.20150225.somatic.snv_mnv.vcf.gz.tbi-md5sum_time": 0, 
                "e98e4e23-a139-4fff-b017-35f3f976eddd.svcp_1-0-5.20150225.somatic.sv.tar.gz-download_time": 34, 
                "e98e4e23-a139-4fff-b017-35f3f976eddd.svcp_1-0-5.20150225.somatic.sv.tar.gz-md5sum_time": 8, 
                "e98e4e23-a139-4fff-b017-35f3f976eddd.svcp_1-0-5.20150225.somatic.sv.vcf.gz-download_time": 1, 
                "e98e4e23-a139-4fff-b017-35f3f976eddd.svcp_1-0-5.20150225.somatic.sv.vcf.gz-md5sum_time": 0, 
                "e98e4e23-a139-4fff-b017-35f3f976eddd.svcp_1-0-5.20150225.somatic.sv.vcf.gz.tbi-download_time": 0, 
                "e98e4e23-a139-4fff-b017-35f3f976eddd.svcp_1-0-5.20150225.somatic.sv.vcf.gz.tbi-md5sum_time": 0, 
                "e98e4e23-a139-4fff-b017-35f3f976eddd.svcp_1-0-5.20150225.somatic.verifyBamId.tar.gz-download_time": 1, 
                "e98e4e23-a139-4fff-b017-35f3f976eddd.svcp_1-0-5.20150225.somatic.verifyBamId.tar.gz-md5sum_time": 0, 
                "start": 1447253462, 
                "stop": 1447253547, 
                "time": 85
            }
        }
    }, 
    "aliquot_id": null, 
    "available_repos": [
        {
            "https://gtrepo-dkfz.annailabs.com/": {
                "file_md5sum": "df31e1b9e72c844e4cc0025a978ecd77", 
                "file_size": 59222
            }
        }
    ], 
    "data_type": "Sanger-VCF", 
    "files": [
        {
            "file_md5sum": "2b112459b5c82699e351b2539941f385", 
            "file_name": "e98e4e23-a139-4fff-b017-35f3f976eddd.svcp_1-0-5.20150225.somatic.snv_mnv.vcf.gz", 
            "file_size": 1978540, 
            "object_id": "3a8085f8-530c-56fd-a354-503d08b1f01b"
        }, 
        {
            "file_md5sum": "a1c5cf964336b30e624c5f6efcd5ca18", 
            "file_name": "e98e4e23-a139-4fff-b017-35f3f976eddd.svcp_1-0-5.20150225.somatic.snv_mnv.vcf.gz.tbi", 
            "file_size": 297589, 
            "object_id": "4849b96b-7351-59d4-b82c-1590e49c3759"
        }, 
        {
            "file_md5sum": "a28daf7bf7c1f8a0e5cbda2af185bff6", 
            "file_name": "e98e4e23-a139-4fff-b017-35f3f976eddd.svcp_1-0-5.20150225.somatic.cnv.vcf.gz", 
            "file_size": 1884, 
            "object_id": "1ba3d629-601e-5e00-bdad-d6396d52b817"
        }, 
        {
            "file_md5sum": "e4cb06215c01a8f451e1fd1da59e7bac", 
            "file_name": "e98e4e23-a139-4fff-b017-35f3f976eddd.svcp_1-0-5.20150225.somatic.cnv.vcf.gz.tbi", 
            "file_size": 4067, 
            "object_id": "02f368a6-1d28-560d-b249-b1251d4a9bd6"
        }, 
        {
            "file_md5sum": "0c643c6b187ee8c9c5310b5b83ac8677", 
            "file_name": "e98e4e23-a139-4fff-b017-35f3f976eddd.svcp_1-0-5.20150225.somatic.sv.vcf.gz", 
            "file_size": 3750, 
            "object_id": "638d9122-8c86-5b80-8a6d-95cb134ca095"
        }, 
        {
            "file_md5sum": "83d21c2b7ddda06a30a00abac93262ff", 
            "file_name": "e98e4e23-a139-4fff-b017-35f3f976eddd.svcp_1-0-5.20150225.somatic.sv.vcf.gz.tbi", 
            "file_size": 623, 
            "object_id": "ccdc5fd9-d3c5-5b81-8ee4-2364f33cf653"
        }, 
        {
            "file_md5sum": "158f3a8a0e70773678ab2eff0d9a8fc5", 
            "file_name": "e98e4e23-a139-4fff-b017-35f3f976eddd.svcp_1-0-5.20150225.somatic.indel.vcf.gz", 
            "file_size": 48765397, 
            "object_id": "c733d81d-199d-5229-aad6-f1042a0b5f8d"
        }, 
        {
            "file_md5sum": "d25d300c3bc0a032793fd10bb637f716", 
            "file_name": "e98e4e23-a139-4fff-b017-35f3f976eddd.svcp_1-0-5.20150225.somatic.indel.vcf.gz.tbi", 
            "file_size": 1484402, 
            "object_id": "e034b3ba-5b8e-58b4-bffb-3eb1f27d0211"
        }, 
        {
            "file_md5sum": "90b3a3aa46a48e22f13f2dfebf968cec", 
            "file_name": "e98e4e23-a139-4fff-b017-35f3f976eddd.svcp_1-0-5.20150225.somatic.snv_mnv.tar.gz", 
            "file_size": 158054115, 
            "object_id": "a41587fb-aa8d-52b6-95ed-c0433ccfb391"
        }, 
        {
            "file_md5sum": "031383b8d92addefdd091b2a5061a5d5", 
            "file_name": "e98e4e23-a139-4fff-b017-35f3f976eddd.svcp_1-0-5.20150225.somatic.cnv.tar.gz", 
            "file_size": 26854265, 
            "object_id": "c406a4b7-f8f1-547c-8155-62d0cc7be129"
        }, 
        {
            "file_md5sum": "77bb104861dc825ebc720908a5866227", 
            "file_name": "e98e4e23-a139-4fff-b017-35f3f976eddd.svcp_1-0-5.20150225.somatic.sv.tar.gz", 
            "file_size": 4241438978,