{
    "_runs_": {
        "run_1446733761_aca83eae-8fe1-4a9e-9071-e5c89bf651be": {
            "downloading": {
                "gnos-download_time": 100, 
                "start": 1446734577, 
                "stop": 1446734678, 
                "time": 101
            }, 
            "uploading": {
                "start": 1446734681, 
                "stop": 1446734915, 
                "time": 234, 
                "upload_time": 234
            }
        }, 
        "run_1447207558_17d778cd-001b-46a0-8828-0ff4e566e59e": {
            "downloading": {
                "014a23ad-1c0b-4de9-a3ae-7ee45d019a74.xml-download_time": 1, 
                "014a23ad-1c0b-4de9-a3ae-7ee45d019a74.xml-md5sum_time": 0, 
                "ba5667da-7688-4931-bdb7-d65f391caf60.svcp_1-0-4.20150208.somatic.binnedReadCounts.tar.gz-download_time": 1, 
                "ba5667da-7688-4931-bdb7-d65f391caf60.svcp_1-0-4.20150208.somatic.binnedReadCounts.tar.gz-md5sum_time": 0, 
                "ba5667da-7688-4931-bdb7-d65f391caf60.svcp_1-0-4.20150208.somatic.cnv.tar.gz-download_time": 1, 
                "ba5667da-7688-4931-bdb7-d65f391caf60.svcp_1-0-4.20150208.somatic.cnv.tar.gz-md5sum_time": 0, 
                "ba5667da-7688-4931-bdb7-d65f391caf60.svcp_1-0-4.20150208.somatic.cnv.vcf.gz-download_time": 0, 
                "ba5667da-7688-4931-bdb7-d65f391caf60.svcp_1-0-4.20150208.somatic.cnv.vcf.gz-md5sum_time": 0, 
                "ba5667da-7688-4931-bdb7-d65f391caf60.svcp_1-0-4.20150208.somatic.cnv.vcf.gz.tbi-download_time": 1, 
                "ba5667da-7688-4931-bdb7-d65f391caf60.svcp_1-0-4.20150208.somatic.cnv.vcf.gz.tbi-md5sum_time": 0, 
                "ba5667da-7688-4931-bdb7-d65f391caf60.svcp_1-0-4.20150208.somatic.genotype.tar.gz-download_time": 1, 
                "ba5667da-7688-4931-bdb7-d65f391caf60.svcp_1-0-4.20150208.somatic.genotype.tar.gz-md5sum_time": 0, 
                "ba5667da-7688-4931-bdb7-d65f391caf60.svcp_1-0-4.20150208.somatic.imputeCounts.tar.gz-download_time": 4, 
                "ba5667da-7688-4931-bdb7-d65f391caf60.svcp_1-0-4.20150208.somatic.imputeCounts.tar.gz-md5sum_time": 1, 
                "ba5667da-7688-4931-bdb7-d65f391caf60.svcp_1-0-4.20150208.somatic.indel.tar.gz-download_time": 6, 
                "ba5667da-7688-4931-bdb7-d65f391caf60.svcp_1-0-4.20150208.somatic.indel.tar.gz-md5sum_time": 1, 
                "ba5667da-7688-4931-bdb7-d65f391caf60.svcp_1-0-4.20150208.somatic.indel.vcf.gz-download_time": 1, 
                "ba5667da-7688-4931-bdb7-d65f391caf60.svcp_1-0-4.20150208.somatic.indel.vcf.gz-md5sum_time": 0, 
                "ba5667da-7688-4931-bdb7-d65f391caf60.svcp_1-0-4.20150208.somatic.indel.vcf.gz.tbi-download_time": 1, 
                "ba5667da-7688-4931-bdb7-d65f391caf60.svcp_1-0-4.20150208.somatic.indel.vcf.gz.tbi-md5sum_time": 0, 
                "ba5667da-7688-4931-bdb7-d65f391caf60.svcp_1-0-4.20150208.somatic.snv_mnv.tar.gz-download_time": 2, 
                "ba5667da-7688-4931-bdb7-d65f391caf60.svcp_1-0-4.20150208.somatic.snv_mnv.tar.gz-md5sum_time": 1, 
                "ba5667da-7688-4931-bdb7-d65f391caf60.svcp_1-0-4.20150208.somatic.snv_mnv.vcf.gz-download_time": 0, 
                "ba5667da-7688-4931-bdb7-d65f391caf60.svcp_1-0-4.20150208.somatic.snv_mnv.vcf.gz-md5sum_time": 0, 
                "ba5667da-7688-4931-bdb7-d65f391caf60.svcp_1-0-4.20150208.somatic.snv_mnv.vcf.gz.tbi-download_time": 1, 
                "ba5667da-7688-4931-bdb7-d65f391caf60.svcp_1-0-4.20150208.somatic.snv_mnv.vcf.gz.tbi-md5sum_time": 0, 
                "ba5667da-7688-4931-bdb7-d65f391caf60.svcp_1-0-4.20150208.somatic.sv.tar.gz-download_time": 10, 
                "ba5667da-7688-4931-bdb7-d65f391caf60.svcp_1-0-4.20150208.somatic.sv.tar.gz-md5sum_time": 2, 
                "ba5667da-7688-4931-bdb7-d65f391caf60.svcp_1-0-4.20150208.somatic.sv.vcf.gz-download_time": 0, 
                "ba5667da-7688-4931-bdb7-d65f391caf60.svcp_1-0-4.20150208.somatic.sv.vcf.gz-md5sum_time": 0, 
                "ba5667da-7688-4931-bdb7-d65f391caf60.svcp_1-0-4.20150208.somatic.sv.vcf.gz.tbi-download_time": 1, 
                "ba5667da-7688-4931-bdb7-d65f391caf60.svcp_1-0-4.20150208.somatic.sv.vcf.gz.tbi-md5sum_time": 0, 
                "ba5667da-7688-4931-bdb7-d65f391caf60.svcp_1-0-4.20150208.somatic.verifyBamId.tar.gz-download_time": 0, 
                "ba5667da-7688-4931-bdb7-d65f391caf60.svcp_1-0-4.20150208.somatic.verifyBamId.tar.gz-md5sum_time": 0, 
                "start": 1447212050, 
                "stop": 1447212086, 
                "time": 36
            }, 
            "slicing": {
                "start": 1447212092, 
                "stop": 1447212092, 
                "time": 0
            }, 
            "uploading": {
                "start": 1447212089, 
                "stop": 1447212089, 
                "time": 0
            }
        }
    }, 
    "aliquot_id": null, 
    "available_repos": [
        {
            "https://gtrepo-dkfz.annailabs.com/": {
                "file_md5sum": "1e873b11fbeb4dec0c178fbf9a3dd7d2", 
                "file_size": 64345
            }
        }
    ], 
    "data_type": "Sanger-VCF", 
    "files": [
        {
            "file_md5sum": "a423bd86905fd5b35e51ac8d8551165a", 
            "file_name": "ba5667da-7688-4931-bdb7-d65f391caf60.svcp_1-0-4.20150208.somatic.snv_mnv.vcf.gz", 
            "file_size": 2853102, 
            "object_id": "1ac1a85e-09e4-5f65-898b-cd283684c45f"
        }, 
        {
            "file_md5sum": "38418a1ee76e9980c113c3bdbf341d7d", 
            "file_name": "ba5667da-7688-4931-bdb7-d65f391caf60.svcp_1-0-4.20150208.somatic.snv_mnv.vcf.gz.tbi", 
            "file_size": 476222, 
            "object_id": "3205b11c-b246-5063-99dd-d25b95505c53"
        }, 
        {
            "file_md5sum": "628ba862fb2f84f6b651bc0c831b5e99", 
            "file_name": "ba5667da-7688-4931-bdb7-d65f391caf60.svcp_1-0-4.20150208.somatic.cnv.vcf.gz", 
            "file_size": 2029, 
            "object_id": "650aa9b0-82e0-55ea-8726-838a5cd01f09"
        }, 
        {
            "file_md5sum": "81b188932d8e4131bc4e73eb801d0945", 
            "file_name": "ba5667da-7688-4931-bdb7-d65f391caf60.svcp_1-0-4.20150208.somatic.cnv.vcf.gz.tbi", 
            "file_size": 4201, 
            "object_id": "37a10f76-bb7e-5d79-a25c-27bae65eccb4"
        }, 
        {
            "file_md5sum": "77633367e791a7c75be8303ec960d43b", 
            "file_name": "ba5667da-7688-4931-bdb7-d65f391caf60.svcp_1-0-4.20150208.somatic.sv.vcf.gz", 
            "file_size": 2326, 
            "object_id": "fda24591-9d2c-587d-b790-6584816a061b"
        }, 
        {
            "file_md5sum": "092a7a3162e7cff25d273525751eb284", 
            "file_name": "ba5667da-7688-4931-bdb7-d65f391caf60.svcp_1-0-4.20150208.somatic.sv.vcf.gz.tbi", 
            "file_size": 72, 
            "object_id": "a40c9074-0629-534a-92ca-0e4691da70e6"
        }, 
        {
            "file_md5sum": "95b8d04b06efe99955cbd4a79362ef74", 
            "file_name": "ba5667da-7688-4931-bdb7-d65f391caf60.svcp_1-0-4.20150208.somatic.indel.vcf.gz", 
            "file_size": 47289882, 
            "object_id": "a392db1d-dba7-56e5-861c-8adfdfdc85fe"
        }, 
        {
            "file_md5sum": "b186d4c86aef33d2d3f402b1e25fe4c6", 
            "file_name": "ba5667da-7688-4931-bdb7-d65f391caf60.svcp_1-0-4.20150208.somatic.indel.vcf.gz.tbi", 
            "file_size": 1468370, 
            "object_id": "2ca98754-52e2-5cb0-a314-bbeaabc1a56c"
        }, 
        {
            "file_md5sum": "be0caa719b4bef49f80b80f0374cd6fd", 
            "file_name": "ba5667da-7688-4931-bdb7-d65f391caf60.svcp_1-0-4.20150208.somatic.snv_mnv.tar.gz", 
            "file_size": 163807685, 
            "object_id": "b5a2c7f7-bf7d-5b7a-af81-1478d1876d09"
        }, 
        {
            "file_md5sum": "c45f21527aa8d7e8be69473476bb255c", 
            "file_name": "ba5667da-7688-4931-bdb7-d65f391caf60.svcp_1-0-4.20150208.somatic.cnv.tar.gz", 
            "file_size": 26929164,