{
    "_runs_": {
        "run_1446733710_473bc1ba-30c1-4513-85ee-ac3d5bf06428": {
            "downloading": {
                "gnos-download_time": 134, 
                "start": 1446735306, 
                "stop": 1446735441, 
                "time": 135
            }, 
            "uploading": {
                "start": 1446735445, 
                "stop": 1446735690, 
                "time": 245, 
                "upload_time": 245
            }
        }, 
        "run_1447252791_bd1319e3-0260-422c-a9a0-8a4881cee67b": {
            "downloading": {
                "06245625-fda1-4b2b-96a9-924853f2eec9.xml-download_time": 0, 
                "06245625-fda1-4b2b-96a9-924853f2eec9.xml-md5sum_time": 0, 
                "492694a7-bb41-4128-a909-c424e7fc0c9e.svcp_1-0-5.20150225.somatic.binnedReadCounts.tar.gz-download_time": 3, 
                "492694a7-bb41-4128-a909-c424e7fc0c9e.svcp_1-0-5.20150225.somatic.binnedReadCounts.tar.gz-md5sum_time": 0, 
                "492694a7-bb41-4128-a909-c424e7fc0c9e.svcp_1-0-5.20150225.somatic.cnv.tar.gz-download_time": 0, 
                "492694a7-bb41-4128-a909-c424e7fc0c9e.svcp_1-0-5.20150225.somatic.cnv.tar.gz-md5sum_time": 0, 
                "492694a7-bb41-4128-a909-c424e7fc0c9e.svcp_1-0-5.20150225.somatic.cnv.vcf.gz-download_time": 0, 
                "492694a7-bb41-4128-a909-c424e7fc0c9e.svcp_1-0-5.20150225.somatic.cnv.vcf.gz-md5sum_time": 0, 
                "492694a7-bb41-4128-a909-c424e7fc0c9e.svcp_1-0-5.20150225.somatic.cnv.vcf.gz.tbi-download_time": 1, 
                "492694a7-bb41-4128-a909-c424e7fc0c9e.svcp_1-0-5.20150225.somatic.cnv.vcf.gz.tbi-md5sum_time": 0, 
                "492694a7-bb41-4128-a909-c424e7fc0c9e.svcp_1-0-5.20150225.somatic.genotype.tar.gz-download_time": 1, 
                "492694a7-bb41-4128-a909-c424e7fc0c9e.svcp_1-0-5.20150225.somatic.genotype.tar.gz-md5sum_time": 0, 
                "492694a7-bb41-4128-a909-c424e7fc0c9e.svcp_1-0-5.20150225.somatic.imputeCounts.tar.gz-download_time": 16, 
                "492694a7-bb41-4128-a909-c424e7fc0c9e.svcp_1-0-5.20150225.somatic.imputeCounts.tar.gz-md5sum_time": 1, 
                "492694a7-bb41-4128-a909-c424e7fc0c9e.svcp_1-0-5.20150225.somatic.indel.tar.gz-download_time": 24, 
                "492694a7-bb41-4128-a909-c424e7fc0c9e.svcp_1-0-5.20150225.somatic.indel.tar.gz-md5sum_time": 2, 
                "492694a7-bb41-4128-a909-c424e7fc0c9e.svcp_1-0-5.20150225.somatic.indel.vcf.gz-download_time": 2, 
                "492694a7-bb41-4128-a909-c424e7fc0c9e.svcp_1-0-5.20150225.somatic.indel.vcf.gz-md5sum_time": 0, 
                "492694a7-bb41-4128-a909-c424e7fc0c9e.svcp_1-0-5.20150225.somatic.indel.vcf.gz.tbi-download_time": 1, 
                "492694a7-bb41-4128-a909-c424e7fc0c9e.svcp_1-0-5.20150225.somatic.indel.vcf.gz.tbi-md5sum_time": 0, 
                "492694a7-bb41-4128-a909-c424e7fc0c9e.svcp_1-0-5.20150225.somatic.snv_mnv.tar.gz-download_time": 2, 
                "492694a7-bb41-4128-a909-c424e7fc0c9e.svcp_1-0-5.20150225.somatic.snv_mnv.tar.gz-md5sum_time": 1, 
                "492694a7-bb41-4128-a909-c424e7fc0c9e.svcp_1-0-5.20150225.somatic.snv_mnv.vcf.gz-download_time": 0, 
                "492694a7-bb41-4128-a909-c424e7fc0c9e.svcp_1-0-5.20150225.somatic.snv_mnv.vcf.gz-md5sum_time": 0, 
                "492694a7-bb41-4128-a909-c424e7fc0c9e.svcp_1-0-5.20150225.somatic.snv_mnv.vcf.gz.tbi-download_time": 1, 
                "492694a7-bb41-4128-a909-c424e7fc0c9e.svcp_1-0-5.20150225.somatic.snv_mnv.vcf.gz.tbi-md5sum_time": 0, 
                "492694a7-bb41-4128-a909-c424e7fc0c9e.svcp_1-0-5.20150225.somatic.sv.tar.gz-download_time": 7, 
                "492694a7-bb41-4128-a909-c424e7fc0c9e.svcp_1-0-5.20150225.somatic.sv.tar.gz-md5sum_time": 2, 
                "492694a7-bb41-4128-a909-c424e7fc0c9e.svcp_1-0-5.20150225.somatic.sv.vcf.gz-download_time": 1, 
                "492694a7-bb41-4128-a909-c424e7fc0c9e.svcp_1-0-5.20150225.somatic.sv.vcf.gz-md5sum_time": 0, 
                "492694a7-bb41-4128-a909-c424e7fc0c9e.svcp_1-0-5.20150225.somatic.sv.vcf.gz.tbi-download_time": 0, 
                "492694a7-bb41-4128-a909-c424e7fc0c9e.svcp_1-0-5.20150225.somatic.sv.vcf.gz.tbi-md5sum_time": 0, 
                "492694a7-bb41-4128-a909-c424e7fc0c9e.svcp_1-0-5.20150225.somatic.verifyBamId.tar.gz-download_time": 1, 
                "492694a7-bb41-4128-a909-c424e7fc0c9e.svcp_1-0-5.20150225.somatic.verifyBamId.tar.gz-md5sum_time": 0, 
                "start": 1447252799, 
                "stop": 1447252865, 
                "time": 66
            }, 
            "slicing": {
                "start": 1447252890, 
                "stop": 1447252891, 
                "time": 1
            }, 
            "uploading": {
                "start": 1447252887, 
                "stop": 1447252887, 
                "time": 0
            }
        }
    }, 
    "aliquot_id": null, 
    "available_repos": [
        {
            "https://gtrepo-dkfz.annailabs.com/": {
                "file_md5sum": "63f4a81edd18d09e71fbfb3fc1caf17f", 
                "file_size": 59200
            }
        }
    ], 
    "data_type": "Sanger-VCF", 
    "files": [
        {
            "file_md5sum": "7dad6014bb4266fbc1c0f4306c5b3acf", 
            "file_name": "492694a7-bb41-4128-a909-c424e7fc0c9e.svcp_1-0-5.20150225.somatic.snv_mnv.vcf.gz", 
            "file_size": 1389488, 
            "object_id": "3a500a2a-05dc-5262-b329-c8f91d31f108"
        }, 
        {
            "file_md5sum": "66ba2d6015b186d787bcafc73d1bca9c", 
            "file_name": "492694a7-bb41-4128-a909-c424e7fc0c9e.svcp_1-0-5.20150225.somatic.snv_mnv.vcf.gz.tbi", 
            "file_size": 225134, 
            "object_id": "bd6fab7f-c9a2-5a4c-9fcf-8fcb683f5e7d"
        }, 
        {
            "file_md5sum": "e0249e6780f7aba97ec8d2af2a0af4bb", 
            "file_name": "492694a7-bb41-4128-a909-c424e7fc0c9e.svcp_1-0-5.20150225.somatic.cnv.vcf.gz", 
            "file_size": 2086, 
            "object_id": "a37b2b9d-c393-5d7a-9e99-ce1c3017cf21"
        }, 
        {
            "file_md5sum": "f6aa620972dfa5b608d894ca73bf962b", 
            "file_name": "492694a7-bb41-4128-a909-c424e7fc0c9e.svcp_1-0-5.20150225.somatic.cnv.vcf.gz.tbi", 
            "file_size": 4254, 
            "object_id": "9012acf6-0952-51b2-ac66-c09cfede9ad1"
        }, 
        {
            "file_md5sum": "23b0d27e5c94c7bb8a32ca8cd8eaf3c6", 
            "file_name": "492694a7-bb41-4128-a909-c424e7fc0c9e.svcp_1-0-5.20150225.somatic.sv.vcf.gz", 
            "file_size": 3282, 
            "object_id": "909ede01-6fc0-58fa-a61f-181d7a981838"
        }, 
        {
            "file_md5sum": "f26671f337afdc60cb3c09ea03d43d37", 
            "file_name": "492694a7-bb41-4128-a909-c424e7fc0c9e.svcp_1-0-5.20150225.somatic.sv.vcf.gz.tbi", 
            "file_size": 757, 
            "object_id": "aa096e14-fe7b-51ef-aafe-6b5b226b22be"
        }, 
        {
            "file_md5sum": "d1d839fdf3f5756fc6e933cf7ce77f30", 
            "file_name": "492694a7-bb41-4128-a909-c424e7fc0c9e.svcp_1-0-5.20150225.somatic.indel.vcf.gz", 
            "file_size": 48770601, 
            "object_id": "ed1c5b97-7833-5b20-b3f2-efc90e8ee04a"
        }, 
        {
            "file_md5sum": "b9403d2e73defb28394ffa377869d857", 
            "file_name": "492694a7-bb41-4128-a909-c424e7fc0c9e.svcp_1-0-5.20150225.somatic.indel.vcf.gz.tbi", 
            "file_size": 1481556, 
            "object_id": "2d5f8c51-d070-5199-8cec-1f796370c051"
        }, 
        {
            "file_md5sum": "40a1e36be2101bd71815932157c15049", 
            "file_name": "492694a7-bb41-4128-a909-c424e7fc0c9e.svcp_1-0-5.20150225.somatic.snv_mnv.tar.gz", 
            "file_size": 162630021, 
            "object_id": "ca790a2d-adbe-5615-97d8-e5ea62982803"
        }, 
        {
            "file_md5sum": "4b3383ee380f98ea229de6344be23286", 
            "file_name": "492694a7-bb41-4128-a909-c424e7fc0c9e.svcp_1-0-5.20150225.somatic.cnv.tar.gz", 
            "file_size": 26600551,