{
    "_runs_": {
        "run_1446733761_aca83eae-8fe1-4a9e-9071-e5c89bf651be": {
            "downloading": {
                "gnos-download_time": 98, 
                "start": 1446737358, 
                "stop": 1446737457, 
                "time": 99
            }, 
            "uploading": {
                "start": 1446737462, 
                "stop": 1446737658, 
                "time": 196, 
                "upload_time": 196
            }
        }, 
        "run_1447252810_d6c78c73-0b6c-42da-a265-7417fa4cc715": {
            "downloading": {
                "10bc1a22-f9ea-4de8-8262-f6839a3eff8e.xml-download_time": 1, 
                "10bc1a22-f9ea-4de8-8262-f6839a3eff8e.xml-md5sum_time": 0, 
                "3e1180a5-149c-4e6c-9a29-696e3ba567e3.svcp_1-0-2.20150112.somatic.binnedReadCounts.tar.gz-download_time": 2, 
                "3e1180a5-149c-4e6c-9a29-696e3ba567e3.svcp_1-0-2.20150112.somatic.binnedReadCounts.tar.gz-md5sum_time": 0, 
                "3e1180a5-149c-4e6c-9a29-696e3ba567e3.svcp_1-0-2.20150112.somatic.cnv.tar.gz-download_time": 1, 
                "3e1180a5-149c-4e6c-9a29-696e3ba567e3.svcp_1-0-2.20150112.somatic.cnv.tar.gz-md5sum_time": 0, 
                "3e1180a5-149c-4e6c-9a29-696e3ba567e3.svcp_1-0-2.20150112.somatic.cnv.vcf.gz-download_time": 0, 
                "3e1180a5-149c-4e6c-9a29-696e3ba567e3.svcp_1-0-2.20150112.somatic.cnv.vcf.gz-md5sum_time": 0, 
                "3e1180a5-149c-4e6c-9a29-696e3ba567e3.svcp_1-0-2.20150112.somatic.cnv.vcf.gz.tbi-download_time": 1, 
                "3e1180a5-149c-4e6c-9a29-696e3ba567e3.svcp_1-0-2.20150112.somatic.cnv.vcf.gz.tbi-md5sum_time": 0, 
                "3e1180a5-149c-4e6c-9a29-696e3ba567e3.svcp_1-0-2.20150112.somatic.genotype.tar.gz-download_time": 1, 
                "3e1180a5-149c-4e6c-9a29-696e3ba567e3.svcp_1-0-2.20150112.somatic.genotype.tar.gz-md5sum_time": 0, 
                "3e1180a5-149c-4e6c-9a29-696e3ba567e3.svcp_1-0-2.20150112.somatic.imputeCounts.tar.gz-download_time": 4, 
                "3e1180a5-149c-4e6c-9a29-696e3ba567e3.svcp_1-0-2.20150112.somatic.imputeCounts.tar.gz-md5sum_time": 1, 
                "3e1180a5-149c-4e6c-9a29-696e3ba567e3.svcp_1-0-2.20150112.somatic.indel.tar.gz-download_time": 6, 
                "3e1180a5-149c-4e6c-9a29-696e3ba567e3.svcp_1-0-2.20150112.somatic.indel.tar.gz-md5sum_time": 1, 
                "3e1180a5-149c-4e6c-9a29-696e3ba567e3.svcp_1-0-2.20150112.somatic.indel.vcf.gz-download_time": 1, 
                "3e1180a5-149c-4e6c-9a29-696e3ba567e3.svcp_1-0-2.20150112.somatic.indel.vcf.gz-md5sum_time": 0, 
                "3e1180a5-149c-4e6c-9a29-696e3ba567e3.svcp_1-0-2.20150112.somatic.indel.vcf.gz.tbi-download_time": 1, 
                "3e1180a5-149c-4e6c-9a29-696e3ba567e3.svcp_1-0-2.20150112.somatic.indel.vcf.gz.tbi-md5sum_time": 0, 
                "3e1180a5-149c-4e6c-9a29-696e3ba567e3.svcp_1-0-2.20150112.somatic.snv_mnv.tar.gz-download_time": 2, 
                "3e1180a5-149c-4e6c-9a29-696e3ba567e3.svcp_1-0-2.20150112.somatic.snv_mnv.tar.gz-md5sum_time": 0, 
                "3e1180a5-149c-4e6c-9a29-696e3ba567e3.svcp_1-0-2.20150112.somatic.snv_mnv.vcf.gz-download_time": 0, 
                "3e1180a5-149c-4e6c-9a29-696e3ba567e3.svcp_1-0-2.20150112.somatic.snv_mnv.vcf.gz-md5sum_time": 0, 
                "3e1180a5-149c-4e6c-9a29-696e3ba567e3.svcp_1-0-2.20150112.somatic.snv_mnv.vcf.gz.tbi-download_time": 1, 
                "3e1180a5-149c-4e6c-9a29-696e3ba567e3.svcp_1-0-2.20150112.somatic.snv_mnv.vcf.gz.tbi-md5sum_time": 0, 
                "3e1180a5-149c-4e6c-9a29-696e3ba567e3.svcp_1-0-2.20150112.somatic.sv.tar.gz-download_time": 8, 
                "3e1180a5-149c-4e6c-9a29-696e3ba567e3.svcp_1-0-2.20150112.somatic.sv.tar.gz-md5sum_time": 3, 
                "3e1180a5-149c-4e6c-9a29-696e3ba567e3.svcp_1-0-2.20150112.somatic.sv.vcf.gz-download_time": 1, 
                "3e1180a5-149c-4e6c-9a29-696e3ba567e3.svcp_1-0-2.20150112.somatic.sv.vcf.gz-md5sum_time": 0, 
                "3e1180a5-149c-4e6c-9a29-696e3ba567e3.svcp_1-0-2.20150112.somatic.sv.vcf.gz.tbi-download_time": 0, 
                "3e1180a5-149c-4e6c-9a29-696e3ba567e3.svcp_1-0-2.20150112.somatic.sv.vcf.gz.tbi-md5sum_time": 0, 
                "3e1180a5-149c-4e6c-9a29-696e3ba567e3.svcp_1-0-2.20150112.somatic.verifyBamId.tar.gz-download_time": 0, 
                "3e1180a5-149c-4e6c-9a29-696e3ba567e3.svcp_1-0-2.20150112.somatic.verifyBamId.tar.gz-md5sum_time": 0, 
                "start": 1447253452, 
                "stop": 1447253487, 
                "time": 35
            }, 
            "slicing": {
                "start": 1447253506, 
                "stop": 1447253506, 
                "time": 0
            }, 
            "uploading": {
                "start": 1447253503, 
                "stop": 1447253503, 
                "time": 0
            }
        }
    }, 
    "aliquot_id": null, 
    "available_repos": [
        {
            "https://gtrepo-dkfz.annailabs.com/": {
                "file_md5sum": "1854203a137c26c9c4214711626faa2d", 
                "file_size": 61151
            }
        }
    ], 
    "data_type": "Sanger-VCF", 
    "files": [
        {
            "file_md5sum": "cd299b75f36429da524e4c6e908a60ec", 
            "file_name": "3e1180a5-149c-4e6c-9a29-696e3ba567e3.svcp_1-0-2.20150112.somatic.snv_mnv.vcf.gz", 
            "file_size": 1162490, 
            "object_id": "95b93482-9edb-5b56-8d69-b4fd0fcef319"
        }, 
        {
            "file_md5sum": "ff9bfd78eebc38feb4d682fc85fd3d27", 
            "file_name": "3e1180a5-149c-4e6c-9a29-696e3ba567e3.svcp_1-0-2.20150112.somatic.snv_mnv.vcf.gz.tbi", 
            "file_size": 202720, 
            "object_id": "95070b4b-c9f5-522d-9e8e-81dcc0a364db"
        }, 
        {
            "file_md5sum": "95be9e38ab7352d9f3c0aafa9fb90501", 
            "file_name": "3e1180a5-149c-4e6c-9a29-696e3ba567e3.svcp_1-0-2.20150112.somatic.cnv.vcf.gz", 
            "file_size": 1874, 
            "object_id": "92132360-a0a9-5d48-bcfc-db2c66a6cf16"
        }, 
        {
            "file_md5sum": "d2c53c0f0c89fbf9bd520a9362836817", 
            "file_name": "3e1180a5-149c-4e6c-9a29-696e3ba567e3.svcp_1-0-2.20150112.somatic.cnv.vcf.gz.tbi", 
            "file_size": 4064, 
            "object_id": "a62eae22-ab0a-5523-9982-74ae315bc158"
        }, 
        {
            "file_md5sum": "5449d86c183d790844ea0e667405cebe", 
            "file_name": "3e1180a5-149c-4e6c-9a29-696e3ba567e3.svcp_1-0-2.20150112.somatic.sv.vcf.gz", 
            "file_size": 3252, 
            "object_id": "201a7d69-9cd8-587f-9364-fd006c70a1fd"
        }, 
        {
            "file_md5sum": "1000086d5f6bb1da032bfdff7c88046b", 
            "file_name": "3e1180a5-149c-4e6c-9a29-696e3ba567e3.svcp_1-0-2.20150112.somatic.sv.vcf.gz.tbi", 
            "file_size": 417, 
            "object_id": "6d126735-a803-54da-96ed-8b7465456351"
        }, 
        {
            "file_md5sum": "5a7bd840f46bd50c421d74644cc33ace", 
            "file_name": "3e1180a5-149c-4e6c-9a29-696e3ba567e3.svcp_1-0-2.20150112.somatic.indel.vcf.gz", 
            "file_size": 45427837, 
            "object_id": "991bf53b-e208-5732-a3f3-ad6e4eb4207f"
        }, 
        {
            "file_md5sum": "c464f81cbfa84d4c30ea8da5c2d6338d", 
            "file_name": "3e1180a5-149c-4e6c-9a29-696e3ba567e3.svcp_1-0-2.20150112.somatic.indel.vcf.gz.tbi", 
            "file_size": 1452967, 
            "object_id": "06495dff-03a4-5405-b157-7201d54ba00e"
        }, 
        {
            "file_md5sum": "7cf6ec379ae0b64a8f7c06d88ca57709", 
            "file_name": "3e1180a5-149c-4e6c-9a29-696e3ba567e3.svcp_1-0-2.20150112.somatic.snv_mnv.tar.gz", 
            "file_size": 151379620, 
            "object_id": "1b9910c9-9d85-58ec-b068-7a849fb321b7"
        }, 
        {
            "file_md5sum": "acb329e77ddc7824dbc0d60b4b4b785f", 
            "file_name": "3e1180a5-149c-4e6c-9a29-696e3ba567e3.svcp_1-0-2.20150112.somatic.cnv.tar.gz", 
            "file_size": 26822171,