{
    "_runs_": {
        "run_1446733710_473bc1ba-30c1-4513-85ee-ac3d5bf06428": {
            "downloading": {
                "gnos-download_time": 97, 
                "start": 1446738837, 
                "stop": 1446738935, 
                "time": 98
            }, 
            "uploading": {
                "start": 1446738938, 
                "stop": 1446739710, 
                "time": 772, 
                "upload_time": 772
            }
        }, 
        "run_1447252821_573a44d4-25d2-4719-8e6b-fc2e2df89ce4": {
            "downloading": {
                "134da687-bef1-44f1-a343-c45dcf9b8635.xml-download_time": 0, 
                "134da687-bef1-44f1-a343-c45dcf9b8635.xml-md5sum_time": 0, 
                "75e1bdbc-474e-4367-9b4a-963b31f3b297.svcp_1-0-3.20150106.somatic.binnedReadCounts.tar.gz-download_time": 2, 
                "75e1bdbc-474e-4367-9b4a-963b31f3b297.svcp_1-0-3.20150106.somatic.binnedReadCounts.tar.gz-md5sum_time": 0, 
                "75e1bdbc-474e-4367-9b4a-963b31f3b297.svcp_1-0-3.20150106.somatic.cnv.tar.gz-download_time": 1, 
                "75e1bdbc-474e-4367-9b4a-963b31f3b297.svcp_1-0-3.20150106.somatic.cnv.tar.gz-md5sum_time": 0, 
                "75e1bdbc-474e-4367-9b4a-963b31f3b297.svcp_1-0-3.20150106.somatic.cnv.vcf.gz-download_time": 1, 
                "75e1bdbc-474e-4367-9b4a-963b31f3b297.svcp_1-0-3.20150106.somatic.cnv.vcf.gz-md5sum_time": 0, 
                "75e1bdbc-474e-4367-9b4a-963b31f3b297.svcp_1-0-3.20150106.somatic.cnv.vcf.gz.tbi-download_time": 1, 
                "75e1bdbc-474e-4367-9b4a-963b31f3b297.svcp_1-0-3.20150106.somatic.cnv.vcf.gz.tbi-md5sum_time": 0, 
                "75e1bdbc-474e-4367-9b4a-963b31f3b297.svcp_1-0-3.20150106.somatic.genotype.tar.gz-download_time": 1, 
                "75e1bdbc-474e-4367-9b4a-963b31f3b297.svcp_1-0-3.20150106.somatic.genotype.tar.gz-md5sum_time": 0, 
                "75e1bdbc-474e-4367-9b4a-963b31f3b297.svcp_1-0-3.20150106.somatic.imputeCounts.tar.gz-download_time": 10, 
                "75e1bdbc-474e-4367-9b4a-963b31f3b297.svcp_1-0-3.20150106.somatic.imputeCounts.tar.gz-md5sum_time": 1, 
                "75e1bdbc-474e-4367-9b4a-963b31f3b297.svcp_1-0-3.20150106.somatic.indel.tar.gz-download_time": 10, 
                "75e1bdbc-474e-4367-9b4a-963b31f3b297.svcp_1-0-3.20150106.somatic.indel.tar.gz-md5sum_time": 1, 
                "75e1bdbc-474e-4367-9b4a-963b31f3b297.svcp_1-0-3.20150106.somatic.indel.vcf.gz-download_time": 1, 
                "75e1bdbc-474e-4367-9b4a-963b31f3b297.svcp_1-0-3.20150106.somatic.indel.vcf.gz-md5sum_time": 0, 
                "75e1bdbc-474e-4367-9b4a-963b31f3b297.svcp_1-0-3.20150106.somatic.indel.vcf.gz.tbi-download_time": 1, 
                "75e1bdbc-474e-4367-9b4a-963b31f3b297.svcp_1-0-3.20150106.somatic.indel.vcf.gz.tbi-md5sum_time": 0, 
                "75e1bdbc-474e-4367-9b4a-963b31f3b297.svcp_1-0-3.20150106.somatic.snv_mnv.tar.gz-download_time": 3, 
                "75e1bdbc-474e-4367-9b4a-963b31f3b297.svcp_1-0-3.20150106.somatic.snv_mnv.tar.gz-md5sum_time": 0, 
                "75e1bdbc-474e-4367-9b4a-963b31f3b297.svcp_1-0-3.20150106.somatic.snv_mnv.vcf.gz-download_time": 1, 
                "75e1bdbc-474e-4367-9b4a-963b31f3b297.svcp_1-0-3.20150106.somatic.snv_mnv.vcf.gz-md5sum_time": 0, 
                "75e1bdbc-474e-4367-9b4a-963b31f3b297.svcp_1-0-3.20150106.somatic.snv_mnv.vcf.gz.tbi-download_time": 0, 
                "75e1bdbc-474e-4367-9b4a-963b31f3b297.svcp_1-0-3.20150106.somatic.snv_mnv.vcf.gz.tbi-md5sum_time": 0, 
                "75e1bdbc-474e-4367-9b4a-963b31f3b297.svcp_1-0-3.20150106.somatic.sv.tar.gz-download_time": 7, 
                "75e1bdbc-474e-4367-9b4a-963b31f3b297.svcp_1-0-3.20150106.somatic.sv.tar.gz-md5sum_time": 2, 
                "75e1bdbc-474e-4367-9b4a-963b31f3b297.svcp_1-0-3.20150106.somatic.sv.vcf.gz-download_time": 0, 
                "75e1bdbc-474e-4367-9b4a-963b31f3b297.svcp_1-0-3.20150106.somatic.sv.vcf.gz-md5sum_time": 0, 
                "75e1bdbc-474e-4367-9b4a-963b31f3b297.svcp_1-0-3.20150106.somatic.sv.vcf.gz.tbi-download_time": 1, 
                "75e1bdbc-474e-4367-9b4a-963b31f3b297.svcp_1-0-3.20150106.somatic.sv.vcf.gz.tbi-md5sum_time": 0, 
                "75e1bdbc-474e-4367-9b4a-963b31f3b297.svcp_1-0-3.20150106.somatic.verifyBamId.tar.gz-download_time": 1, 
                "75e1bdbc-474e-4367-9b4a-963b31f3b297.svcp_1-0-3.20150106.somatic.verifyBamId.tar.gz-md5sum_time": 0, 
                "start": 1447253596, 
                "stop": 1447253641, 
                "time": 45
            }, 
            "slicing": {
                "start": 1447253691, 
                "stop": 1447253691, 
                "time": 0
            }, 
            "uploading": {
                "start": 1447253688, 
                "stop": 1447253688, 
                "time": 0
            }
        }
    }, 
    "aliquot_id": null, 
    "available_repos": [
        {
            "https://gtrepo-ebi.annailabs.com/": {
                "file_md5sum": "2313491fe6090a9312f6d5126d80afdc", 
                "file_size": 60312
            }
        }
    ], 
    "data_type": "Sanger-VCF", 
    "files": [
        {
            "file_md5sum": "c8762c6727fc8d7a73bc8e276dc9a3ff", 
            "file_name": "75e1bdbc-474e-4367-9b4a-963b31f3b297.svcp_1-0-3.20150106.somatic.snv_mnv.vcf.gz", 
            "file_size": 1737095, 
            "object_id": "adaa27f3-5eab-5899-a517-7a1a4151fda6"
        }, 
        {
            "file_md5sum": "34fbdb3a90226e11559a7dfe3a91afab", 
            "file_name": "75e1bdbc-474e-4367-9b4a-963b31f3b297.svcp_1-0-3.20150106.somatic.snv_mnv.vcf.gz.tbi", 
            "file_size": 260617, 
            "object_id": "f6e3f457-3efc-59f5-bf8b-e71b4c113f40"
        }, 
        {
            "file_md5sum": "a06339d92accb493206d1528f2320165", 
            "file_name": "75e1bdbc-474e-4367-9b4a-963b31f3b297.svcp_1-0-3.20150106.somatic.cnv.vcf.gz", 
            "file_size": 1897, 
            "object_id": "8206aad9-80b3-5bb1-bb5e-493d120cf3c6"
        }, 
        {
            "file_md5sum": "a4a0a604f453265f0910064d1b1b9906", 
            "file_name": "75e1bdbc-474e-4367-9b4a-963b31f3b297.svcp_1-0-3.20150106.somatic.cnv.vcf.gz.tbi", 
            "file_size": 4081, 
            "object_id": "0aed6e06-5ad4-58e7-af85-6201514a60b8"
        }, 
        {
            "file_md5sum": "4b66bf198291c5def19ee6cf9c304103", 
            "file_name": "75e1bdbc-474e-4367-9b4a-963b31f3b297.svcp_1-0-3.20150106.somatic.sv.vcf.gz", 
            "file_size": 3064, 
            "object_id": "b769d79f-5e88-578a-a605-5b8c908fa55f"
        }, 
        {
            "file_md5sum": "a710632cfc4b1c52e3d7ce0d7a661b49", 
            "file_name": "75e1bdbc-474e-4367-9b4a-963b31f3b297.svcp_1-0-3.20150106.somatic.sv.vcf.gz.tbi", 
            "file_size": 333, 
            "object_id": "39e67606-a3e9-5d13-a45a-6c347662a83f"
        }, 
        {
            "file_md5sum": "a2a2093bbd7424d398009c766a6bf4de", 
            "file_name": "75e1bdbc-474e-4367-9b4a-963b31f3b297.svcp_1-0-3.20150106.somatic.indel.vcf.gz", 
            "file_size": 45304790, 
            "object_id": "f2a915ea-d0a1-5119-87af-499df67d4cbd"
        }, 
        {
            "file_md5sum": "30915d06746ff469328b9e8a3be5cd49", 
            "file_name": "75e1bdbc-474e-4367-9b4a-963b31f3b297.svcp_1-0-3.20150106.somatic.indel.vcf.gz.tbi", 
            "file_size": 1463911, 
            "object_id": "30f37421-6f9b-5e5f-9e44-7110e2d489cc"
        }, 
        {
            "file_md5sum": "8f22b47dd4154764b3fddc1a1718a205", 
            "file_name": "75e1bdbc-474e-4367-9b4a-963b31f3b297.svcp_1-0-3.20150106.somatic.snv_mnv.tar.gz", 
            "file_size": 161422409, 
            "object_id": "d1f2845b-2649-55ef-8ee0-6842dd27035e"
        }, 
        {
            "file_md5sum": "c57e3c3a8d9d8520796328610957629e", 
            "file_name": "75e1bdbc-474e-4367-9b4a-963b31f3b297.svcp_1-0-3.20150106.somatic.cnv.tar.gz", 
            "file_size": 26960986,